kd_nM,prior_density,posterior_density
0.0025,1.12407e-05,0
0.00250909,1.13091e-05,0
0.00251821,1.13779e-05,0
0.00252736,1.1447e-05,0
0.00253655,1.15166e-05,0
0.00254576,1.15866e-05,0
0.00255502,1.16569e-05,0
0.0025643,1.17277e-05,0
0.00257362,1.17988e-05,0
0.00258298,1.18704e-05,0
0.00259237,1.19424e-05,0
0.00260179,1.20148e-05,0
0.00261125,1.20876e-05,0
0.00262074,1.21609e-05,0
0.00263026,1.22345e-05,0
0.00263982,1.23086e-05,0
0.00264942,1.23831e-05,0
0.00265905,1.2458e-05,0
0.00266871,1.25334e-05,0
0.00267841,1.26091e-05,0
0.00268815,1.26854e-05,0
0.00269792,1.2762e-05,0
0.00270772,1.28391e-05,0
0.00271757,1.29166e-05,0
0.00272744,1.29946e-05,0
0.00273736,1.3073e-05,0
0.00274731,1.31519e-05,0
0.00275729,1.32312e-05,0
0.00276731,1.33109e-05,0
0.00277737,1.33912e-05,0
0.00278747,1.34718e-05,0
0.0027976,1.3553e-05,0
0.00280777,1.36346e-05,0
0.00281797,1.37166e-05,0
0.00282821,1.37991e-05,0
0.00283849,1.38821e-05,0
0.00284881,1.39656e-05,0
0.00285916,1.40495e-05,0
0.00286956,1.4134e-05,0
0.00287999,1.42189e-05,0
0.00289045,1.43042e-05,0
0.00290096,1.43901e-05,0
0.0029115,1.44764e-05,0
0.00292209,1.45633e-05,0
0.00293271,1.46506e-05,0
0.00294337,1.47384e-05,0
0.00295406,1.48267e-05,0
0.0029648,1.49156e-05,0
0.00297558,1.50049e-05,0
0.00298639,1.50947e-05,0
0.00299725,1.5185e-05,0
0.00300814,1.52759e-05,0
0.00301907,1.53672e-05,0
0.00303005,1.54591e-05,0
0.00304106,1.55515e-05,0
0.00305211,1.56444e-05,0
0.00306321,1.57379e-05,0
0.00307434,1.58318e-05,0
0.00308552,1.59263e-05,0
0.00309673,1.60213e-05,0
0.00310799,1.61169e-05,0
0.00311928,1.6213e-05,0
0.00313062,1.63096e-05,0
0.003142,1.64068e-05,0
0.00315342,1.65045e-05,0
0.00316488,1.66028e-05,0
0.00317638,1.67016e-05,0
0.00318793,1.6801e-05,0
0.00319952,1.6901e-05,0
0.00321115,1.70015e-05,0
0.00322282,1.71025e-05,0
0.00323453,1.72042e-05,0
0.00324629,1.73064e-05,0
0.00325809,1.74091e-05,0
0.00326993,1.75125e-05,0
0.00328181,1.76164e-05,0
0.00329374,1.77209e-05,0
0.00330571,1.7826e-05,0
0.00331773,1.79317e-05,0
0.00332979,1.8038e-05,0
0.00334189,1.81449e-05,0
0.00335404,1.82523e-05,0
0.00336623,1.83604e-05,0
0.00337846,1.8469e-05,0
0.00339074,1.85783e-05,0
0.00340307,1.86882e-05,0
0.00341544,1.87987e-05,0
0.00342785,1.89098e-05,0
0.00344031,1.90215e-05,0
0.00345281,1.91339e-05,0
0.00346536,1.92469e-05,0
0.00347796,1.93605e-05,0
0.0034906,1.94747e-05,0
0.00350329,1.95896e-05,0
0.00351602,1.97051e-05,0
0.0035288,1.98213e-05,0
0.00354162,1.99381e-05,0
0.0035545,2.00555e-05,0
0.00356742,2.01736e-05,0
0.00358038,2.02924e-05,0
0.0035934,2.04118e-05,0
0.00360646,2.05318e-05,0
0.00361957,2.06526e-05,0
0.00363272,2.0774e-05,0
0.00364593,2.08961e-05,0
0.00365918,2.10188e-05,0
0.00367248,2.11423e-05,0
0.00368582,2.12664e-05,0
0.00369922,2.13912e-05,0
0.00371267,2.15167e-05,0
0.00372616,2.16429e-05,0
0.0037397,2.17698e-05,0
0.0037533,2.18974e-05,0
0.00376694,2.20256e-05,0
0.00378063,2.21546e-05,0
0.00379437,2.22843e-05,0
0.00380816,2.24148e-05,0
0.003822,2.25459e-05,0
0.0038359,2.26778e-05,0
0.00384984,2.28104e-05,0
0.00386383,2.29437e-05,0
0.00387788,2.30777e-05,0
0.00389197,2.32125e-05,0
0.00390612,2.33481e-05,0
0.00392031,2.34843e-05,0
0.00393456,2.36214e-05,0
0.00394886,2.37592e-05,0
0.00396322,2.38977e-05,0
0.00397762,2.4037e-05,0
0.00399208,2.4177e-05,0
0.00400659,2.43179e-05,0
0.00402115,2.44595e-05,0
0.00403577,2.46018e-05,0
0.00405043,2.4745e-05,0
0.00406516,2.48889e-05,0
0.00407993,2.50337e-05,0
0.00409476,2.51792e-05,0
0.00410964,2.53255e-05,0
0.00412458,2.54726e-05,0
0.00413957,2.56205e-05,0
0.00415462,2.57692e-05,0
0.00416972,2.59188e-05,0
0.00418488,2.60691e-05,0
0.00420009,2.62203e-05,0
0.00421535,2.63723e-05,0
0.00423067,2.65251e-05,0
0.00424605,2.66788e-05,0
0.00426148,2.68333e-05,0
0.00427697,2.69886e-05,0
0.00429252,2.71448e-05,0
0.00430812,2.73018e-05,0
0.00432378,2.74597e-05,0
0.00433949,2.76185e-05,0
0.00435527,2.77781e-05,0
0.0043711,2.79385e-05,0
0.00438698,2.80999e-05,0
0.00440293,2.82621e-05,0
0.00441893,2.84252e-05,0
0.00443499,2.85892e-05,0
0.00445111,2.87541e-05,0
0.00446729,2.89198e-05,0
0.00448353,2.90865e-05,0
0.00449982,2.92541e-05,0
0.00451618,2.94225e-05,0
0.00453259,2.95919e-05,0
0.00454907,2.97622e-05,0
0.0045656,2.99335e-05,0
0.0045822,3.01056e-05,0
0.00459885,3.02787e-05,0
0.00461557,3.04527e-05,0
0.00463234,3.06277e-05,0
0.00464918,3.08036e-05,0
0.00466608,3.09804e-05,0
0.00468304,3.11582e-05,0
0.00470006,3.1337e-05,0
0.00471714,3.15167e-05,0
0.00473429,3.16974e-05,0
0.0047515,3.18791e-05,0
0.00476877,3.20617e-05,0
0.0047861,3.22453e-05,0
0.00480349,3.24299e-05,0
0.00482095,3.26155e-05,0
0.00483848,3.28021e-05,0
0.00485606,3.29897e-05,0
0.00487371,3.31784e-05,0
0.00489143,3.3368e-05,0
0.00490921,3.35586e-05,0
0.00492705,3.37503e-05,0
0.00494496,3.3943e-05,0
0.00496293,3.41367e-05,0
0.00498097,3.43315e-05,0
0.00499907,3.45273e-05,0
0.00501724,3.47241e-05,0
0.00503548,3.4922e-05,0
0.00505378,3.5121e-05,0
0.00507215,3.5321e-05,0
0.00509058,3.55221e-05,0
0.00510909,3.57243e-05,0
0.00512766,3.59275e-05,0
0.00514629,3.61319e-05,0
0.005165,3.63373e-05,0
0.00518377,3.65438e-05,0
0.00520261,3.67514e-05,0
0.00522152,3.69602e-05,0
0.0052405,3.717e-05,0
0.00525955,3.7381e-05,0
0.00527867,3.75931e-05,0
0.00529785,3.78063e-05,0
0.00531711,3.80206e-05,0
0.00533643,3.82361e-05,0
0.00535583,3.84527e-05,0
0.0053753,3.86705e-05,0
0.00539483,3.88894e-05,0
0.00541444,3.91095e-05,0
0.00543412,3.93308e-05,0
0.00545387,3.95532e-05,0
0.0054737,3.97769e-05,0
0.00549359,4.00017e-05,0
0.00551356,4.02277e-05,0
0.0055336,4.04549e-05,0
0.00555371,4.06833e-05,0
0.0055739,4.09129e-05,0
0.00559416,4.11437e-05,0
0.00561449,4.13757e-05,0
0.0056349,4.1609e-05,0
0.00565538,4.18435e-05,0
0.00567593,4.20792e-05,0
0.00569656,4.23162e-05,0
0.00571727,4.25544e-05,0
0.00573805,4.27939e-05,0
0.0057589,4.30347e-05,0
0.00577984,4.32767e-05,0
0.00580084,4.352e-05,0
0.00582193,4.37646e-05,0
0.00584309,4.40104e-05,0
0.00586433,4.42576e-05,0
0.00588564,4.4506e-05,0
0.00590703,4.47558e-05,0
0.0059285,4.50069e-05,0
0.00595005,4.52593e-05,0
0.00597168,4.5513e-05,0
0.00599338,4.57681e-05,0
0.00601517,4.60244e-05,0
0.00603703,4.62822e-05,0
0.00605897,4.65413e-05,0
0.00608099,4.68017e-05,0
0.0061031,4.70635e-05,0
0.00612528,4.73267e-05,0
0.00614754,4.75913e-05,0
0.00616989,4.78572e-05,0
0.00619231,4.81246e-05,0
0.00621482,4.83933e-05,0
0.00623741,4.86634e-05,0
0.00626008,4.8935e-05,0
0.00628283,4.92079e-05,0
0.00630567,4.94823e-05,0
0.00632859,4.97582e-05,0
0.00635159,5.00354e-05,0
0.00637468,5.03141e-05,0
0.00639785,5.05943e-05,0
0.0064211,5.08759e-05,0
0.00644444,5.1159e-05,0
0.00646786,5.14436e-05,0
0.00649137,5.17296e-05,0
0.00651496,5.20171e-05,0
0.00653864,5.23062e-05,0
0.00656241,5.25967e-05,0
0.00658626,5.28887e-05,0
0.0066102,5.31823e-05,0
0.00663423,5.34773e-05,0
0.00665834,5.3774e-05,0
0.00668254,5.40721e-05,0
0.00670683,5.43718e-05,0
0.00673121,5.4673e-05,0
0.00675567,5.49758e-05,0
0.00678023,5.52802e-05,0
0.00680487,5.55862e-05,0
0.0068296,5.58937e-05,0
0.00685443,5.62028e-05,0
0.00687934,5.65135e-05,0
0.00690434,5.68259e-05,0
0.00692944,5.71398e-05,0
0.00695462,5.74554e-05,0
0.0069799,5.77726e-05,0
0.00700527,5.80914e-05,0
0.00703073,5.84119e-05,0
0.00705629,5.8734e-05,0
0.00708194,5.90578e-05,0
0.00710768,5.93832e-05,0
0.00713351,5.97103e-05,0
0.00715944,6.00391e-05,0
0.00718546,6.03697e-05,0
0.00721158,6.07019e-05,0
0.00723779,6.10358e-05,0
0.0072641,6.13714e-05,0
0.0072905,6.17087e-05,0
0.007317,6.20478e-05,0
0.00734359,6.23886e-05,0
0.00737028,6.27312e-05,0
0.00739707,6.30755e-05,0
0.00742396,6.34216e-05,0
0.00745094,6.37695e-05,0
0.00747802,6.41191e-05,0
0.0075052,6.44706e-05,0
0.00753248,6.48238e-05,0
0.00755986,6.51788e-05,0
0.00758734,6.55357e-05,0
0.00761491,6.58944e-05,0
0.00764259,6.62549e-05,0
0.00767037,6.66173e-05,0
0.00769825,6.69815e-05,0
0.00772623,6.73475e-05,0
0.00775431,6.77154e-05,0
0.0077825,6.80853e-05,0
0.00781078,6.84569e-05,0
0.00783917,6.88305e-05,0
0.00786766,6.9206e-05,0
0.00789626,6.95834e-05,0
0.00792496,6.99627e-05,0
0.00795377,7.0344e-05,0
0.00798268,7.07272e-05,0
0.00801169,7.11123e-05,0
0.00804081,7.14994e-05,0
0.00807003,7.18884e-05,0
0.00809937,7.22795e-05,0
0.00812881,7.26725e-05,0
0.00815835,7.30675e-05,0
0.008188,7.34645e-05,0
0.00821776,7.38635e-05,0
0.00824763,7.42646e-05,0
0.00827761,7.46676e-05,0
0.0083077,7.50727e-05,0
0.00833789,7.54799e-05,0
0.0083682,7.58891e-05,0
0.00839861,7.63004e-05,0
0.00842914,7.67138e-05,0
0.00845978,7.71292e-05,0
0.00849052,7.75468e-05,0
0.00852138,7.79664e-05,0
0.00855236,7.83882e-05,0
0.00858344,7.88121e-05,0
0.00861464,7.92381e-05,0
0.00864595,7.96663e-05,0
0.00867738,8.00967e-05,0
0.00870892,8.05292e-05,0
0.00874057,8.09639e-05,0
0.00877234,8.14007e-05,0
0.00880422,8.18398e-05,0
0.00883622,8.22811e-05,0
0.00886834,8.27245e-05,0
0.00890057,8.31703e-05,0
0.00893292,8.36182e-05,0
0.00896539,8.40684e-05,0
0.00899798,8.45209e-05,0
0.00903068,8.49756e-05,0
0.00906351,8.54326e-05,0
0.00909645,8.58919e-05,0
0.00912951,8.63535e-05,0
0.00916269,8.68174e-05,0
0.009196,8.72836e-05,0
0.00922942,8.77521e-05,0
0.00926297,8.8223e-05,0
0.00929664,8.86963e-05,0
0.00933043,8.91719e-05,0
0.00936434,8.96499e-05,0
0.00939838,9.01302e-05,0
0.00943254,9.0613e-05,0
0.00946682,9.10982e-05,0
0.00950123,9.15858e-05,0
0.00953576,9.20758e-05,0
0.00957042,9.25682e-05,0
0.00960521,9.30631e-05,0
0.00964012,9.35605e-05,0
0.00967516,9.40603e-05,0
0.00971032,9.45627e-05,0
0.00974562,9.50675e-05,0
0.00978104,9.55748e-05,0
0.00981659,9.60847e-05,0
0.00985227,9.6597e-05,0
0.00988808,9.7112e-05,0
0.00992402,9.76294e-05,0
0.00996009,9.81495e-05,0
0.00999629,9.86721e-05,0
0.0100326,9.91973e-05,0
0.0100691,9.97251e-05,0
0.0101057,0.000100255,0
0.0101424,0.000100789,0
0.0101793,0.000101324,0
0.0102163,0.000101863,0
0.0102534,0.000102403,0
0.0102907,0.000102947,0
0.0103281,0.000103493,0
0.0103656,0.000104042,0
0.0104033,0.000104594,0
0.0104411,0.000105149,0
0.0104791,0.000105706,0
0.0105171,0.000106266,0
0.0105554,0.000106828,0
0.0105937,0.000107394,0
0.0106322,0.000107962,0
0.0106709,0.000108533,0
0.0107097,0.000109107,0
0.0107486,0.000109684,0
0.0107877,0.000110263,0
0.0108269,0.000110845,0
0.0108662,0.000111431,0
0.0109057,0.000112019,0
0.0109454,0.00011261,0
0.0109851,0.000113203,0
0.0110251,0.0001138,0
0.0110651,0.0001144,0
0.0111054,0.000115002,0
0.0111457,0.000115608,0
0.0111862,0.000116216,0
0.0112269,0.000116828,0
0.0112677,0.000117442,0
0.0113087,0.00011806,0
0.0113498,0.00011868,0
0.011391,0.000119304,0
0.0114324,0.00011993,0
0.011474,0.00012056,0
0.0115157,0.000121193,0
0.0115575,0.000121828,0
0.0115995,0.000122467,0
0.0116417,0.000123109,0
0.011684,0.000123754,0
0.0117265,0.000124402,0
0.0117691,0.000125054,0
0.0118119,0.000125708,0
0.0118548,0.000126366,0
0.0118979,0.000127027,0
0.0119411,0.000127691,0
0.0119845,0.000128358,0
0.0120281,0.000129029,0
0.0120718,0.000129702,0
0.0121157,0.000130379,0
0.0121597,0.00013106,0
0.0122039,0.000131743,0
0.0122483,0.00013243,0
0.0122928,0.000133121,0
0.0123375,0.000133814,0
0.0123823,0.000134511,0
0.0124273,0.000135211,0
0.0124725,0.000135915,0
0.0125178,0.000136622,0
0.0125633,0.000137333,0
0.012609,0.000138046,0
0.0126548,0.000138764,0
0.0127008,0.000139485,0
0.012747,0.000140209,0
0.0127933,0.000140937,0
0.0128398,0.000141668,0
0.0128865,0.000142403,0
0.0129333,0.000143141,0
0.0129803,0.000143883,0
0.0130275,0.000144628,0
0.0130749,0.000145377,0
0.0131224,0.00014613,0
0.0131701,0.000146886,0
0.0132179,0.000147646,0
0.013266,0.000148409,0
0.0133142,0.000149176,0
0.0133626,0.000149947,0
0.0134112,0.000150721,0
0.0134599,0.0001515,0
0.0135088,0.000152281,0
0.0135579,0.000153067,0
0.0136072,0.000153856,0
0.0136567,0.00015465,0
0.0137063,0.000155446,0
0.0137561,0.000156247,0
0.0138061,0.000157052,0
0.0138563,0.00015786,0
0.0139067,0.000158672,0
0.0139572,0.000159488,0
0.0140079,0.000160308,0
0.0140589,0.000161132,0
0.01411,0.00016196,0
0.0141612,0.000162792,0
0.0142127,0.000163627,0
0.0142644,0.000164467,0
0.0143162,0.000165311,0
0.0143683,0.000166158,0
0.0144205,0.00016701,0
0.0144729,0.000167865,0
0.0145255,0.000168725,0
0.0145783,0.000169589,0
0.0146313,0.000170457,0
0.0146845,0.000171329,0
0.0147378,0.000172205,0
0.0147914,0.000173085,0
0.0148452,0.00017397,0
0.0148991,0.000174858,0
0.0149533,0.000175751,0
0.0150076,0.000176648,0
0.0150622,0.000177549,0
0.0151169,0.000178455,0
0.0151719,0.000179364,0
0.015227,0.000180278,0
0.0152823,0.000181197,0
0.0153379,0.000182119,0
0.0153936,0.000183046,0
0.0154496,0.000183978,0
0.0155057,0.000184914,0
0.0155621,0.000185854,0
0.0156187,0.000186798,0
0.0156754,0.000187747,0
0.0157324,0.000188701,0
0.0157896,0.000189658,0
0.015847,0.000190621,0
0.0159046,0.000191588,0
0.0159624,0.000192559,0
0.0160204,0.000193535,0
0.0160786,0.000194516,0
0.0161371,0.000195501,0
0.0161957,0.00019649,0
0.0162546,0.000197485,0
0.0163137,0.000198484,0
0.016373,0.000199487,0
0.0164325,0.000200496,0
0.0164922,0.000201509,0
0.0165521,0.000202527,0
0.0166123,0.000203549,0
0.0166727,0.000204576,0
0.0167333,0.000205608,0
0.0167941,0.000206645,0
0.0168552,0.000207687,0
0.0169164,0.000208733,0
0.0169779,0.000209785,0
0.0170396,0.000210841,0
0.0171015,0.000211902,0
0.0171637,0.000212968,0
0.0172261,0.000214039,0
0.0172887,0.000215115,0
0.0173515,0.000216196,0
0.0174146,0.000217282,0
0.0174779,0.000218373,0
0.0175414,0.000219469,0
0.0176052,0.000220571,0
0.0176692,0.000221677,0
0.0177334,0.000222788,0
0.0177978,0.000223905,0
0.0178625,0.000225026,0
0.0179275,0.000226153,0
0.0179926,0.000227285,0
0.018058,0.000228422,0
0.0181237,0.000229565,0
0.0181895,0.000230712,0
0.0182556,0.000231865,0
0.018322,0.000233024,0
0.0183886,0.000234187,0
0.0184554,0.000235356,0
0.0185225,0.000236531,0
0.0185898,0.000237711,0
0.0186574,0.000238896,0
0.0187252,0.000240086,0
0.0187933,0.000241282,0
0.0188616,0.000242484,0
0.0189301,0.000243691,0
0.0189989,0.000244904,0
0.019068,0.000246122,0
0.0191373,0.000247346,0
0.0192068,0.000248575,0
0.0192767,0.00024981,0
0.0193467,0.000251051,0
0.019417,0.000252297,0
0.0194876,0.000253549,0
0.0195584,0.000254807,0
0.0196295,0.00025607,0
0.0197009,0.000257339,0
0.0197725,0.000258614,0
0.0198444,0.000259895,0
0.0199165,0.000261182,0
0.0199889,0.000262474,0
0.0200615,0.000263772,0
0.0201344,0.000265077,0
0.0202076,0.000266387,0
0.0202811,0.000267703,0
0.0203548,0.000269025,0
0.0204288,0.000270353,0
0.020503,0.000271687,0
0.0205775,0.000273027,0
0.0206523,0.000274374,0
0.0207274,0.000275726,0
0.0208027,0.000277085,0
0.0208783,0.000278449,0
0.0209542,0.00027982,0
0.0210304,0.000281197,0
0.0211068,0.00028258,0
0.0211835,0.00028397,0
0.0212605,0.000285366,0
0.0213378,0.000286768,0
0.0214154,0.000288176,0
0.0214932,0.000289591,0
0.0215713,0.000291012,0
0.0216497,0.00029244,0
0.0217284,0.000293874,0
0.0218074,0.000295314,0
0.0218867,0.000296761,0
0.0219662,0.000298214,0
0.0220461,0.000299674,0
0.0221262,0.000301141,0
0.0222066,0.000302614,0
0.0222873,0.000304093,0
0.0223683,0.00030558,0
0.0224496,0.000307073,0
0.0225312,0.000308573,0
0.0226131,0.000310079,0
0.0226953,0.000311592,0
0.0227778,0.000313112,0
0.0228606,0.000314639,0
0.0229437,0.000316172,0
0.0230271,0.000317713,0
0.0231108,0.00031926,0
0.0231948,0.000320814,0
0.0232791,0.000322375,0
0.0233637,0.000323944,0
0.0234486,0.000325519,0
0.0235338,0.000327101,0
0.0236194,0.00032869,0
0.0237052,0.000330286,0
0.0237914,0.00033189,0
0.0238778,0.0003335,0
0.0239646,0.000335118,0
0.0240517,0.000336743,0
0.0241392,0.000338375,0
0.0242269,0.000340014,0
0.024315,0.000341661,0
0.0244033,0.000343315,0
0.024492,0.000344976,0
0.024581,0.000346644,0
0.0246704,0.00034832,0
0.0247601,0.000350004,0
0.0248501,0.000351695,0
0.0249404,0.000353393,0
0.025031,0.000355099,0
0.025122,0.000356812,0
0.0252133,0.000358533,0
0.025305,0.000360262,0
0.0253969,0.000361998,0
0.0254892,0.000363742,0
0.0255819,0.000365493,0
0.0256749,0.000367253,0
0.0257682,0.00036902,0
0.0258618,0.000370794,0
0.0259558,0.000372577,0
0.0260502,0.000374367,0
0.0261449,0.000376166,0
0.0262399,0.000377972,0
0.0263353,0.000379786,0
0.026431,0.000381608,0
0.0265271,0.000383438,0
0.0266235,0.000385276,0
0.0267202,0.000387123,0
0.0268174,0.000388977,0
0.0269148,0.000390839,0
0.0270127,0.00039271,0
0.0271108,0.000394589,0
0.0272094,0.000396475,0
0.0273083,0.000398371,0
0.0274075,0.000400274,0
0.0275071,0.000402186,0
0.0276071,0.000404106,0
0.0277075,0.000406035,0
0.0278082,0.000407972,0
0.0279093,0.000409917,0
0.0280107,0.000411871,0
0.0281125,0.000413833,0
0.0282147,0.000415804,0
0.0283172,0.000417783,0
0.0284202,0.000419772,0
0.0285235,0.000421768,0
0.0286271,0.000423774,0
0.0287312,0.000425788,0
0.0288356,0.000427811,0
0.0289404,0.000429842,0
0.0290456,0.000431883,0
0.0291512,0.000433932,0
0.0292571,0.00043599,0
0.0293635,0.000438057,0
0.0294702,0.000440133,0
0.0295773,0.000442218,0
0.0296848,0.000444312,0
0.0297927,0.000446415,0
0.029901,0.000448527,0
0.0300097,0.000450648,0
0.0301187,0.000452779,0
0.0302282,0.000454918,0
0.0303381,0.000457067,0
0.0304484,0.000459225,0
0.030559,0.000461392,0
0.0306701,0.000463569,0
0.0307816,0.000465755,0
0.0308935,0.000467951,0
0.0310057,0.000470155,0
0.0311184,0.00047237,0
0.0312315,0.000474594,0
0.0313451,0.000476827,0
0.031459,0.00047907,0
0.0315733,0.000481322,0
0.0316881,0.000483585,0
0.0318033,0.000485857,0
0.0319189,0.000488138,0
0.0320349,0.00049043,0
0.0321513,0.000492731,0
0.0322682,0.000495042,0
0.0323854,0.000497363,0
0.0325032,0.000499694,0
0.0326213,0.000502034,0
0.0327399,0.000504385,0
0.0328589,0.000506746,0
0.0329783,0.000509117,0
0.0330982,0.000511498,0
0.0332185,0.000513889,0
0.0333392,0.00051629,0
0.0334604,0.000518701,0
0.033582,0.000521123,0
0.033704,0.000523555,0
0.0338266,0.000525998,0
0.0339495,0.00052845,0
0.0340729,0.000530913,0
0.0341967,0.000533387,0
0.034321,0.000535871,0
0.0344458,0.000538366,0
0.034571,0.000540871,0
0.0346966,0.000543386,0
0.0348227,0.000545913,0
0.0349493,0.00054845,0
0.0350763,0.000550998,0
0.0352038,0.000553556,0
0.0353318,0.000556125,0
0.0354602,0.000558706,0
0.0355891,0.000561297,0
0.0357184,0.000563899,0
0.0358483,0.000566512,0
0.0359786,0.000569135,0
0.0361093,0.00057177,0
0.0362406,0.000574417,0
0.0363723,0.000577074,0
0.0365045,0.000579742,0
0.0366372,0.000582422,0
0.0367703,0.000585113,0
0.036904,0.000587815,0
0.0370381,0.000590528,0
0.0371727,0.000593253,0
0.0373079,0.000595989,0
0.0374435,0.000598737,0
0.0375796,0.000601496,0
0.0377161,0.000604267,0
0.0378532,0.000607049,0
0.0379908,0.000609843,0
0.0381289,0.000612649,0
0.0382675,0.000615466,0
0.0384066,0.000618295,0
0.0385462,0.000621136,0
0.0386863,0.000623989,0
0.0388269,0.000626853,0
0.038968,0.00062973,0
0.0391096,0.000632619,0
0.0392518,0.000635519,0
0.0393945,0.000638432,0
0.0395376,0.000641356,0
0.0396813,0.000644293,0
0.0398256,0.000647242,0
0.0399703,0.000650204,0
0.0401156,0.000653177,0
0.0402614,0.000656163,0
0.0404077,0.000659162,0
0.0405546,0.000662172,0
0.040702,0.000665195,0
0.04085,0.000668231,0
0.0409984,0.000671279,0
0.0411474,0.00067434,0
0.041297,0.000677414,0
0.0414471,0.0006805,0
0.0415978,0.000683599,0
0.0417489,0.00068671,0
0.0419007,0.000689835,0
0.042053,0.000692972,0
0.0422058,0.000696123,0
0.0423592,0.000699286,0
0.0425132,0.000702462,0
0.0426677,0.000705651,0
0.0428228,0.000708854,0
0.0429784,0.00071207,0
0.0431347,0.000715298,0
0.0432914,0.00071854,0
0.0434488,0.000721796,0
0.0436067,0.000725064,0
0.0437652,0.000728347,0
0.0439243,0.000731642,0
0.0440839,0.000734951,0
0.0442442,0.000738274,0
0.044405,0.00074161,0
0.0445664,0.00074496,0
0.0447284,0.000748323,0
0.0448909,0.0007517,0
0.0450541,0.000755091,0
0.0452178,0.000758496,0
0.0453822,0.000761915,0
0.0455471,0.000765347,0
0.0457127,0.000768794,0
0.0458788,0.000772254,0
0.0460456,0.000775729,0
0.046213,0.000779218,0
0.0463809,0.000782721,0
0.0465495,0.000786238,0
0.0467187,0.00078977,0
0.0468885,0.000793316,0
0.0470589,0.000796876,0
0.04723,0.00080045,0
0.0474016,0.000804039,0
0.0475739,0.000807643,0
0.0477468,0.000811261,0
0.0479204,0.000814894,0
0.0480946,0.000818542,0
0.0482694,0.000822204,0
0.0484448,0.000825881,0
0.0486209,0.000829573,0
0.0487976,0.00083328,0
0.048975,0.000837002,0
0.049153,0.000840738,0
0.0493316,0.00084449,0
0.0495109,0.000848257,0
0.0496909,0.000852039,0
0.0498715,0.000855836,0
0.0500528,0.000859649,0
0.0502347,0.000863477,0
0.0504173,0.00086732,0
0.0506005,0.000871178,0
0.0507844,0.000875053,0
0.050969,0.000878942,0
0.0511543,0.000882847,0
0.0513402,0.000886768,0
0.0515268,0.000890705,0
0.0517141,0.000894657,0
0.0519021,0.000898625,0
0.0520907,0.000902609,0
0.05228,0.000906609,0
0.0524701,0.000910625,0
0.0526608,0.000914657,0
0.0528522,0.000918705,0
0.0530443,0.000922769,0
0.0532371,0.000926849,0
0.0534306,0.000930945,0
0.0536248,0.000935058,0
0.0538197,0.000939187,0
0.0540153,0.000943333,0
0.0542116,0.000947495,0
0.0544087,0.000951673,0
0.0546064,0.000955868,0
0.0548049,0.00096008,0
0.0550041,0.000964309,0
0.055204,0.000968554,0
0.0554047,0.000972816,0
0.055606,0.000977095,0
0.0558081,0.000981391,0
0.056011,0.000985703,0
0.0562146,0.000990033,0
0.0564189,0.00099438,0
0.056624,0.000998744,0
0.0568298,0.00100313,0
0.0570363,0.00100752,0
0.0572436,0.00101194,0
0.0574517,0.00101637,0
0.0576605,0.00102082,0
0.0578701,0.00102529,0
0.0580804,0.00102978,0
0.0582915,0.00103428,0
0.0585034,0.0010388,0
0.058716,0.00104334,0
0.0589295,0.0010479,0
0.0591436,0.00105247,0
0.0593586,0.00105707,0
0.0595744,0.00106168,0
0.0597909,0.00106631,0
0.0600082,0.00107095,0
0.0602263,0.00107562,0
0.0604452,0.0010803,0
0.0606649,0.001085,0
0.0608854,0.00108972,0
0.0611067,0.00109446,0
0.0613288,0.00109922,0
0.0615517,0.00110399,0
0.0617754,0.00110878,0
0.062,0.0011136,0
0.0622253,0.00111843,0
0.0624515,0.00112328,0
0.0626785,0.00112815,0
0.0629063,0.00113304,0
0.0631349,0.00113794,0
0.0633644,0.00114287,0
0.0635947,0.00114781,0
0.0638259,0.00115278,0
0.0640579,0.00115776,0
0.0642907,0.00116276,0
0.0645244,0.00116778,0
0.0647589,0.00117283,0
0.0649943,0.00117789,0
0.0652305,0.00118297,0
0.0654676,0.00118807,0
0.0657055,0.00119319,0
0.0659443,0.00119833,0
0.066184,0.00120349,0
0.0664246,0.00120867,0
0.066666,0.00121387,0
0.0669083,0.00121908,0
0.0671515,0.00122432,0
0.0673956,0.00122958,0
0.0676406,0.00123486,0
0.0678864,0.00124016,0
0.0681331,0.00124548,0
0.0683808,0.00125082,0
0.0686293,0.00125618,0
0.0688788,0.00126157,0
0.0691291,0.00126697,0
0.0693804,0.00127239,0
0.0696326,0.00127784,0
0.0698856,0.0012833,0
0.0701397,0.00128879,0
0.0703946,0.00129429,0
0.0706505,0.00129982,0
0.0709072,0.00130537,0
0.071165,0.00131094,0
0.0714236,0.00131653,0
0.0716832,0.00132214,0
0.0719438,0.00132778,0
0.0722053,0.00133343,0
0.0724677,0.00133911,0
0.0727311,0.00134481,0
0.0729955,0.00135053,0
0.0732608,0.00135627,0
0.073527,0.00136203,0
0.0737943,0.00136782,0
0.0740625,0.00137362,0
0.0743317,0.00137945,0
0.0746019,0.0013853,0
0.074873,0.00139118,0
0.0751452,0.00139707,0
0.0754183,0.00140299,0
0.0756924,0.00140893,0
0.0759675,0.00141489,0
0.0762436,0.00142088,0
0.0765208,0.00142688,0
0.0767989,0.00143292,0
0.077078,0.00143897,0
0.0773582,0.00144504,0
0.0776394,0.00145114,0
0.0779215,0.00145726,0
0.0782048,0.00146341,0
0.078489,0.00146958,0
0.0787743,0.00147577,0
0.0790606,0.00148198,0
0.079348,0.00148822,0
0.0796364,0.00149448,0
0.0799258,0.00150076,0
0.0802163,0.00150707,0
0.0805079,0.0015134,0
0.0808005,0.00151976,0
0.0810942,0.00152614,0
0.0813889,0.00153254,0
0.0816848,0.00153897,0
0.0819817,0.00154542,0
0.0822796,0.00155189,0
0.0825787,0.00155839,0
0.0828788,0.00156491,0
0.0831801,0.00157146,0
0.0834824,0.00157803,0
0.0837858,0.00158463,0
0.0840904,0.00159125,0
0.084396,0.00159789,0
0.0847028,0.00160456,0
0.0850106,0.00161126,0
0.0853196,0.00161798,0
0.0856297,0.00162472,0
0.0859409,0.00163149,0
0.0862533,0.00163829,0
0.0865668,0.0016451,0
0.0868815,0.00165195,0
0.0871972,0.00165882,0
0.0875142,0.00166571,0
0.0878323,0.00167264,0
0.0881515,0.00167958,0
0.0884719,0.00168655,0
0.0887935,0.00169355,0
0.0891162,0.00170057,0
0.0894401,0.00170762,0
0.0897652,0.0017147,0
0.0900915,0.0017218,0
0.0904189,0.00172893,0
0.0907475,0.00173608,0
0.0910774,0.00174326,0
0.0914084,0.00175047,0
0.0917407,0.0017577,0
0.0920741,0.00176496,0
0.0924088,0.00177224,0
0.0927446,0.00177955,0
0.0930817,0.00178689,0
0.0934201,0.00179426,0
0.0937596,0.00180165,0
0.0941004,0.00180907,0
0.0944424,0.00181652,0
0.0947857,0.00182399,0
0.0951302,0.00183149,0
0.095476,0.00183902,0
0.095823,0.00184658,0
0.0961713,0.00185416,0
0.0965208,0.00186177,0
0.0968716,0.00186941,0
0.0972237,0.00187708,0
0.0975771,0.00188477,0
0.0979318,0.00189249,0
0.0982877,0.00190024,0
0.098645,0.00190802,0
0.0990035,0.00191583,0
0.0993633,0.00192366,0
0.0997245,0.00193152,0
0.100087,0.00193941,0
0.100451,0.00194733,0
0.100816,0.00195528,0
0.101182,0.00196326,0
0.10155,0.00197127,0
0.101919,0.0019793,0
0.10229,0.00198736,0
0.102661,0.00199546,0
0.103035,0.00200358,0
0.103409,0.00201173,0
0.103785,0.00201991,0
0.104162,0.00202812,0
0.104541,0.00203636,0
0.104921,0.00204463,0
0.105302,0.00205292,0
0.105685,0.00206125,0
0.106069,0.00206961,0
0.106454,0.002078,0
0.106841,0.00208641,0
0.10723,0.00209486,0
0.107619,0.00210334,0
0.108011,0.00211185,0
0.108403,0.00212039,0
0.108797,0.00212896,0
0.109193,0.00213756,0
0.109589,0.00214619,0
0.109988,0.00215485,0
0.110388,0.00216354,0
0.110789,0.00217226,0
0.111191,0.00218101,0
0.111596,0.0021898,0
0.112001,0.00219861,0
0.112408,0.00220746,0
0.112817,0.00221634,0
0.113227,0.00222525,0
0.113638,0.00223419,0
0.114051,0.00224316,0
0.114466,0.00225217,0
0.114882,0.00226121,0
0.1153,0.00227027,0
0.115719,0.00227937,0
0.116139,0.00228851,0
0.116561,0.00229767,0
0.116985,0.00230687,0
0.11741,0.0023161,0
0.117837,0.00232536,0
0.118265,0.00233465,0
0.118695,0.00234398,0
0.119127,0.00235334,0
0.11956,0.00236273,0
0.119994,0.00237216,0
0.12043,0.00238162,0
0.120868,0.00239111,0
0.121307,0.00240064,0
0.121748,0.00241019,0
0.122191,0.00241979,0
0.122635,0.00242941,0
0.123081,0.00243907,0
0.123528,0.00244876,0
0.123977,0.00245849,0
0.124428,0.00246825,0
0.12488,0.00247805,0
0.125334,0.00248787,0
0.125789,0.00249774,0
0.126246,0.00250763,0
0.126705,0.00251757,0
0.127166,0.00252753,0
0.127628,0.00253753,0
0.128092,0.00254757,0
0.128558,0.00255764,0
0.129025,0.00256774,0
0.129494,0.00257788,0
0.129964,0.00258806,0
0.130437,0.00259827,0
0.130911,0.00260851,0
0.131387,0.0026188,0
0.131864,0.00262911,0
0.132344,0.00263946,0
0.132825,0.00264985,0
0.133307,0.00266028,0
0.133792,0.00267074,0
0.134278,0.00268123,0
0.134766,0.00269176,0
0.135256,0.00270233,0
0.135748,0.00271294,0
0.136241,0.00272358,0
0.136736,0.00273425,0
0.137233,0.00274497,0
0.137732,0.00275572,0
0.138233,0.0027665,0
0.138735,0.00277733,0
0.139239,0.00278819,0
0.139745,0.00279909,0
0.140253,0.00281002,0
0.140763,0.002821,0
0.141275,0.00283201,0
0.141788,0.00284306,0
0.142304,0.00285414,0
0.142821,0.00286526,0
0.14334,0.00287643,0
0.143861,0.00288762,0
0.144384,0.00289886,0
0.144909,0.00291014,0
0.145435,0.00292145,0
0.145964,0.0029328,0
0.146494,0.00294419,0
0.147027,0.00295562,0
0.147561,0.00296709,0
0.148098,0.0029786,0
0.148636,0.00299014,0
0.149176,0.00300173,0
0.149718,0.00301335,0
0.150262,0.00302501,0
0.150809,0.00303672,0
0.151357,0.00304846,0
0.151907,0.00306024,0
0.152459,0.00307206,0
0.153013,0.00308392,0
0.153569,0.00309582,0
0.154127,0.00310776,0
0.154688,0.00311974,0
0.15525,0.00313177,0
0.155814,0.00314383,0
0.156381,0.00315593,0
0.156949,0.00316807,0
0.157519,0.00318025,0
0.158092,0.00319248,0
0.158666,0.00320474,0
0.159243,0.00321705,0
0.159822,0.00322939,0
0.160403,0.00324178,0
0.160986,0.00325421,0
0.161571,0.00326668,0
0.162158,0.0032792,0
0.162748,0.00329175,0
0.163339,0.00330434,0
0.163933,0.00331698,0
0.164529,0.00332966,0
0.165127,0.00334238,0
0.165727,0.00335515,0
0.166329,0.00336795,0
0.166934,0.0033808,0
0.167541,0.00339369,0
0.16815,0.00340663,0
0.168761,0.0034196,0
0.169374,0.00343262,0
0.16999,0.00344569,0
0.170608,0.00345879,0
0.171228,0.00347194,0
0.17185,0.00348513,0
0.172475,0.00349837,0
0.173102,0.00351165,0
0.173731,0.00352497,0
0.174362,0.00353834,0
0.174996,0.00355175,0
0.175632,0.0035652,0
0.17627,0.0035787,0
0.176911,0.00359224,0
0.177554,0.00360583,0
0.178199,0.00361946,0
0.178847,0.00363314,0
0.179497,0.00364686,0
0.180149,0.00366063,0
0.180804,0.00367444,0
0.181461,0.0036883,0
0.182121,0.0037022,0
0.182783,0.00371614,0
0.183447,0.00373014,0
0.184114,0.00374418,0
0.184783,0.00375826,0
0.185455,0.00377239,0
0.186129,0.00378656,0
0.186805,0.00380078,0
0.187484,0.00381505,0
0.188166,0.00382937,0
0.18885,0.00384373,0
0.189536,0.00385813,0
0.190225,0.00387259,0
0.190916,0.00388709,0
0.19161,0.00390163,0
0.192307,0.00391623,0
0.193006,0.00393087,0
0.193707,0.00394556,0
0.194411,0.00396029,0
0.195118,0.00397508,0
0.195827,0.00398991,0
0.196539,0.00400478,0
0.197253,0.00401971,0
0.19797,0.00403468,0
0.19869,0.00404971,0
0.199412,0.00406478,0
0.200137,0.0040799,0
0.200864,0.00409506,0
0.201594,0.00411028,0
0.202327,0.00412554,0
0.203062,0.00414086,0
0.2038,0.00415622,0
0.204541,0.00417163,0
0.205285,0.00418709,0
0.206031,0.0042026,0
0.20678,0.00421816,0
0.207531,0.00423377,0
0.208286,0.00424943,0
0.209043,0.00426514,0
0.209802,0.0042809,0
0.210565,0.0042967,0
0.21133,0.00431256,0
0.212098,0.00432847,0
0.212869,0.00434443,0
0.213643,0.00436044,0
0.21442,0.0043765,0
0.215199,0.00439261,0
0.215981,0.00440878,0
0.216766,0.00442499,0
0.217554,0.00444125,0
0.218345,0.00445757,0
0.219138,0.00447394,0
0.219935,0.00449036,0
0.220734,0.00450683,0
0.221536,0.00452335,0
0.222342,0.00453992,0
0.22315,0.00455655,0
0.223961,0.00457323,0
0.224775,0.00458996,0
0.225592,0.00460674,0
0.226412,0.00462358,0
0.227235,0.00464047,0
0.228061,0.00465741,0
0.22889,0.00467441,0
0.229722,0.00469145,0
0.230556,0.00470856,0
0.231394,0.00472571,0
0.232236,0.00474292,0
0.23308,0.00476018,0
0.233927,0.0047775,0
0.234777,0.00479486,0
0.23563,0.00481229,0
0.236487,0.00482977,0
0.237346,0.0048473,0
0.238209,0.00486488,0
0.239075,0.00488252,0
0.239944,0.00490022,0
0.240816,0.00491797,0
0.241691,0.00493578,0
0.24257,0.00495364,0
0.243451,0.00497155,0
0.244336,0.00498952,0
0.245224,0.00500755,0
0.246116,0.00502563,0
0.24701,0.00504377,0
0.247908,0.00506196,0
0.248809,0.00508021,0
0.249713,0.00509852,0
0.250621,0.00511688,0
0.251532,0.0051353,0
0.252446,0.00515377,0
0.253364,0.0051723,0
0.254285,0.00519089,0
0.255209,0.00520954,0
0.256136,0.00522824,0
0.257067,0.005247,0
0.258002,0.00526581,0
0.258939,0.00528469,0
0.259881,0.00530362,0
0.260825,0.00532261,0
0.261773,0.00534166,0
0.262725,0.00536076,0
0.26368,0.00537993,0
0.264638,0.00539915,0
0.2656,0.00541843,0
0.266565,0.00543777,0
0.267534,0.00545717,0
0.268506,0.00547662,0
0.269482,0.00549614,0
0.270462,0.00551571,0
0.271445,0.00553535,0
0.272431,0.00555504,0
0.273422,0.00557479,0
0.274415,0.0055946,0
0.275413,0.00561448,0
0.276414,0.00563441,0
0.277419,0.0056544,0
0.278427,0.00567445,0
0.279439,0.00569457,0
0.280455,0.00571474,0
0.281474,0.00573497,0
0.282497,0.00575527,0
0.283524,0.00577562,0
0.284554,0.00579604,0
0.285589,0.00581652,0
0.286627,0.00583706,0
0.287668,0.00585766,0
0.288714,0.00587832,0
0.289763,0.00589904,0
0.290816,0.00591983,0
0.291873,0.00594067,0
0.292934,0.00596158,0
0.293999,0.00598256,0
0.295068,0.00600359,0
0.29614,0.00602469,0
0.297217,0.00604585,0
0.298297,0.00606707,0
0.299381,0.00608835,0
0.300469,0.0061097,0
0.301561,0.00613112,0
0.302657,0.00615259,0
0.303757,0.00617413,0
0.304861,0.00619573,0
0.305969,0.0062174,0
0.307082,0.00623913,0
0.308198,0.00626092,0
0.309318,0.00628278,0
0.310442,0.00630471,0
0.311571,0.00632669,0
0.312703,0.00634875,0
0.31384,0.00637086,0
0.31498,0.00639304,0
0.316125,0.00641529,0
0.317274,0.0064376,0
0.318427,0.00645998,0
0.319585,0.00648243,0
0.320746,0.00650494,0
0.321912,0.00652751,0
0.323082,0.00655015,0
0.324256,0.00657286,0
0.325435,0.00659563,0
0.326618,0.00661847,0
0.327805,0.00664138,0
0.328996,0.00666435,0
0.330192,0.00668739,0
0.331392,0.0067105,0
0.332597,0.00673367,0
0.333806,0.00675691,0
0.335019,0.00678022,0
0.336237,0.0068036,0
0.337459,0.00682704,0
0.338685,0.00685056,0
0.339916,0.00687413,0
0.341152,0.00689778,0
0.342392,0.0069215,0
0.343636,0.00694528,0
0.344885,0.00696914,0
0.346139,0.00699306,0
0.347397,0.00701705,0
0.34866,0.00704111,0
0.349927,0.00706524,0
0.351199,0.00708944,0
0.352475,0.00711371,0
0.353756,0.00713804,0
0.355042,0.00716245,0
0.356333,0.00718693,0
0.357628,0.00721148,0
0.358928,0.00723609,0
0.360232,0.00726078,0
0.361541,0.00728554,0
0.362856,0.00731037,0
0.364174,0.00733527,0
0.365498,0.00736024,0
0.366826,0.00738528,0
0.36816,0.00741039,0
0.369498,0.00743558,0
0.370841,0.00746083,0
0.372189,0.00748616,0
0.373542,0.00751156,0
0.374899,0.00753703,0
0.376262,0.00756258,0
0.377629,0.00758819,0
0.379002,0.00761388,0
0.38038,0.00763964,0
0.381762,0.00766547,0
0.38315,0.00769138,0
0.384542,0.00771736,0
0.38594,0.00774341,0
0.387343,0.00776954,0
0.388751,0.00779574,0
0.390164,0.00782201,0
0.391582,0.00784836,0
0.393005,0.00787478,0
0.394433,0.00790127,0
0.395867,0.00792784,0
0.397306,0.00795449,0
0.39875,0.0079812,0
0.400199,0.008008,0
0.401654,0.00803486,0
0.403114,0.00806181,0
0.404579,0.00808882,0
0.406049,0.00811592,0
0.407525,0.00814308,0
0.409007,0.00817033,0
0.410493,0.00819765,0
0.411985,0.00822504,0
0.413483,0.00825251,0
0.414985,0.00828006,0
0.416494,0.00830769,0
0.418008,0.00833539,0
0.419527,0.00836316,0
0.421052,0.00839102,0
0.422582,0.00841895,0
0.424118,0.00844695,0
0.42566,0.00847504,0
0.427207,0.0085032,0
0.428759,0.00853144,0
0.430318,0.00855976,0
0.431882,0.00858815,0
0.433452,0.00861663,0
0.435027,0.00864518,0
0.436608,0.00867381,0
0.438195,0.00870252,0
0.439788,0.0087313,0
0.441386,0.00876017,0
0.442991,0.00878911,0
0.444601,0.00881814,0
0.446217,0.00884724,0
0.447839,0.00887642,0
0.449466,0.00890568,0
0.4511,0.00893503,0
0.45274,0.00896445,0
0.454385,0.00899395,0
0.456037,0.00902353,0
0.457694,0.00905319,0
0.459358,0.00908293,0
0.461027,0.00911276,0
0.462703,0.00914266,0
0.464385,0.00917264,0
0.466073,0.00920271,0
0.467767,0.00923285,0
0.469467,0.00926308,0
0.471173,0.00929339,0
0.472886,0.00932378,0
0.474605,0.00935426,0
0.47633,0.00938481,0
0.478061,0.00941545,0
0.479799,0.00944617,0
0.481542,0.00947697,0
0.483293,0.00950785,0
0.485049,0.00953882,0
0.486812,0.00956987,0
0.488582,0.009601,0
0.490357,0.00963222,0
0.49214,0.00966352,0
0.493929,0.0096949,0
0.495724,0.00972637,0
0.497526,0.00975792,0
0.499334,0.00978955,0
0.501149,0.00982127,0
0.50297,0.00985307,0
0.504798,0.00988496,0
0.506633,0.00991693,0
0.508475,0.00994899,0
0.510323,0.00998113,0
0.512178,0.0100134,0
0.514039,0.0100457,0
0.515908,0.0100781,0
0.517783,0.0101105,0
0.519665,0.0101431,0
0.521554,0.0101758,0
0.523449,0.0102085,0
0.525352,0.0102413,0
0.527261,0.0102743,0
0.529178,0.0103072,0
0.531101,0.0103403,0
0.533031,0.0103735,0
0.534969,0.0104068,0
0.536913,0.0104401,0
0.538865,0.0104735,0
0.540823,0.0105071,0
0.542789,0.0105407,0
0.544762,0.0105744,0
0.546742,0.0106082,0
0.548729,0.010642,0
0.550724,0.010676,0
0.552725,0.01071,0
0.554734,0.0107442,0
0.55675,0.0107784,0
0.558774,0.0108127,0
0.560805,0.0108471,0
0.562843,0.0108816,0
0.564889,0.0109162,0
0.566942,0.0109509,0
0.569003,0.0109856,0
0.571071,0.0110205,0
0.573147,0.0110554,0
0.57523,0.0110904,0
0.577321,0.0111256,0
0.579419,0.0111608,0
0.581525,0.0111961,0
0.583639,0.0112315,0
0.58576,0.0112669,0
0.587889,0.0113025,0
0.590026,0.0113382,0
0.59217,0.0113739,0
0.594323,0.0114098,0
0.596483,0.0114457,0
0.598651,0.0114818,0
0.600827,0.0115179,0
0.603011,0.0115541,0
0.605202,0.0115904,0
0.607402,0.0116268,0
0.60961,0.0116633,0
0.611825,0.0116999,0
0.614049,0.0117365,0
0.616281,0.0117733,0
0.618521,0.0118102,0
0.620769,0.0118471,0
0.623025,0.0118842,0
0.62529,0.0119213,0
0.627563,0.0119586,0
0.629844,0.0119959,0
0.632133,0.0120333,0
0.634431,0.0120708,0
0.636736,0.0121084,0
0.639051,0.0121462,0
0.641374,0.012184,0
0.643705,0.0122219,0
0.646044,0.0122598,0
0.648392,0.0122979,0
0.650749,0.0123361,0
0.653114,0.0123744,0
0.655488,0.0124128,0
0.657871,0.0124512,0
0.660262,0.0124898,0
0.662662,0.0125285,0
0.66507,0.0125672,0
0.667488,0.0126061,0
0.669914,0.012645,0
0.672349,0.0126841,0
0.674792,0.0127232,0
0.677245,0.0127624,0
0.679707,0.0128018,0
0.682177,0.0128412,0
0.684657,0.0128807,0
0.687145,0.0129204,0
0.689643,0.0129601,0
0.692149,0.0129999,0
0.694665,0.0130399,0
0.69719,0.0130799,0
0.699724,0.01312,0
0.702267,0.0131602,0
0.70482,0.0132005,0
0.707381,0.0132409,0
0.709952,0.0132815,0
0.712533,0.0133221,0
0.715123,0.0133628,0
0.717722,0.0134036,0
0.720331,0.0134445,0
0.722949,0.0134855,0
0.725576,0.0135266,0
0.728214,0.0135678,0
0.73086,0.0136092,0
0.733517,0.0136506,0
0.736183,0.0136921,0
0.738859,0.0137337,0
0.741544,0.0137754,0
0.74424,0.0138172,0
0.746945,0.0138591,0
0.749659,0.0139012,0
0.752384,0.0139433,0
0.755119,0.0139855,0
0.757863,0.0140278,0
0.760618,0.0140702,0
0.763383,0.0141128,0
0.766157,0.0141554,0
0.768942,0.0141981,0
0.771737,0.0142409,0
0.774542,0.0142839,0
0.777357,0.0143269,0
0.780182,0.0143701,0
0.783018,0.0144133,0
0.785864,0.0144566,0
0.788721,0.0145001,0
0.791587,0.0145436,0
0.794464,0.0145873,0
0.797352,0.0146311,0
0.80025,0.0146749,0
0.803159,0.0147189,0
0.806078,0.014763,0
0.809008,0.0148071,0
0.811948,0.0148514,0
0.814899,0.0148958,0
0.817861,0.0149403,0
0.820834,0.0149849,0
0.823817,0.0150296,0
0.826812,0.0150744,0
0.829817,0.0151193,0
0.832833,0.0151643,0
0.83586,0.0152095,0
0.838898,0.0152547,0
0.841947,0.0153,0
0.845007,0.0153455,0
0.848079,0.015391,0
0.851161,0.0154367,0
0.854255,0.0154824,0
0.85736,0.0155283,0
0.860476,0.0155743,0
0.863604,0.0156203,0
0.866742,0.0156665,0
0.869893,0.0157128,0
0.873055,0.0157592,0
0.876228,0.0158057,0
0.879413,0.0158524,0
0.882609,0.0158991,0
0.885817,0.0159459,0
0.889037,0.0159929,0
0.892268,0.0160399,0
0.895511,0.0160871,0
0.898766,0.0161343,0
0.902033,0.0161817,0
0.905311,0.0162292,0
0.908602,0.0162768,0
0.911904,0.0163245,0
0.915219,0.0163723,0
0.918545,0.0164202,0
0.921884,0.0164683,0
0.925234,0.0165164,0
0.928597,0.0165647,0
0.931973,0.016613,0
0.93536,0.0166615,0
0.93876,0.0167101,0
0.942172,0.0167588,0
0.945596,0.0168076,0
0.949033,0.0168565,0
0.952483,0.0169055,0
0.955944,0.0169547,0
0.959419,0.0170039,0
0.962906,0.0170533,0
0.966406,0.0171027,0
0.969919,0.0171523,0
0.973444,0.017202,0
0.976982,0.0172518,0
0.980533,0.0173017,0
0.984097,0.0173518,0
0.987674,0.0174019,0
0.991264,0.0174522,0
0.994867,0.0175025,0
0.998483,0.017553,0
1.00211,0.0176036,0
1.00575,0.0176543,0
1.00941,0.0177051,0
1.01308,0.0177561,0
1.01676,0.0178071,0
1.02046,0.0178583,0
1.02417,0.0179095,0
1.02789,0.0179609,0
1.03162,0.0180124,0
1.03537,0.018064,0
1.03914,0.0181158,0
1.04291,0.0181676,0
1.0467,0.0182196,0
1.05051,0.0182717,0
1.05433,0.0183238,0
1.05816,0.0183761,0
1.06201,0.0184286,0
1.06587,0.0184811,0
1.06974,0.0185337,0
1.07363,0.0185865,0
1.07753,0.0186394,0
1.08145,0.0186924,0
1.08538,0.0187455,0
1.08932,0.0187987,0
1.09328,0.0188521,0
1.09725,0.0189055,0
1.10124,0.0189591,0
1.10525,0.0190128,0
1.10926,0.0190666,0
1.11329,0.0191205,0
1.11734,0.0191746,0
1.1214,0.0192287,0
1.12548,0.019283,0
1.12957,0.0193374,0
1.13367,0.0193919,0
1.13779,0.0194466,0
1.14193,0.0195013,0
1.14608,0.0195562,0
1.15025,0.0196111,0
1.15443,0.0196663,0
1.15862,0.0197215,0
1.16283,0.0197768,0
1.16706,0.0198323,0
1.1713,0.0198878,0
1.17556,0.0199435,0
1.17983,0.0199994,0
1.18412,0.0200553,0
1.18842,0.0201113,0
1.19274,0.0201675,0
1.19708,0.0202238,0
1.20143,0.0202802,0
1.2058,0.0203367,0
1.21018,0.0203934,0
1.21458,0.0204502,0
1.21899,0.020507,0
1.22342,0.0205641,0
1.22787,0.0206212,0
1.23233,0.0206784,0
1.23681,0.0207358,0
1.24131,0.0207933,0
1.24582,0.0208509,0
1.25035,0.0209086,0
1.25489,0.0209665,0
1.25945,0.0210245,0
1.26403,0.0210826,0
1.26863,0.0211408,0
1.27324,0.0211991,0
1.27786,0.0212576,0
1.28251,0.0213162,0
1.28717,0.0213749,0
1.29185,0.0214337,0
1.29654,0.0214926,0
1.30126,0.0215517,0
1.30599,0.0216109,0
1.31073,0.0216702,0
1.3155,0.0217297,0
1.32028,0.0217892,0
1.32508,0.0218489,0
1.32989,0.0219087,0
1.33473,0.0219686,0
1.33958,0.0220287,0
1.34445,0.0220889,0
1.34933,0.0221492,0
1.35424,0.0222096,0
1.35916,0.0222701,0
1.3641,0.0223308,0
1.36906,0.0223916,0
1.37404,0.0224525,0
1.37903,0.0225136,0
1.38404,0.0225747,0
1.38907,0.022636,0
1.39412,0.0226974,0
1.39919,0.022759,0
1.40427,0.0228207,0
1.40938,0.0228824,0
1.4145,0.0229444,0
1.41964,0.0230064,0
1.4248,0.0230686,0
1.42998,0.0231308,0
1.43518,0.0231933,0
1.44039,0.0232558,0
1.44563,0.0233185,0
1.45088,0.0233813,0
1.45616,0.0234442,0
1.46145,0.0235072,0
1.46676,0.0235704,0
1.47209,0.0236337,0
1.47744,0.0236971,0
1.48281,0.0237607,0
1.4882,0.0238243,0
1.49361,0.0238881,0
1.49904,0.0239521,0
1.50449,0.0240161,0
1.50996,0.0240803,0
1.51545,0.0241446,0
1.52095,0.024209,0
1.52648,0.0242736,0
1.53203,0.0243383,0
1.5376,0.0244031,0
1.54319,0.0244681,0
1.5488,0.0245331,0
1.55443,0.0245983,0
1.56008,0.0246637,0
1.56575,0.0247291,0
1.57144,0.0247947,0
1.57715,0.0248604,0
1.58288,0.0249262,0
1.58863,0.0249922,0
1.59441,0.0250583,0
1.6002,0.0251245,0
1.60602,0.0251909,0
1.61186,0.0252574,0
1.61772,0.025324,0
1.6236,0.0253907,0
1.6295,0.0254576,0
1.63542,0.0255246,0
1.64136,0.0255917,0
1.64733,0.025659,0
1.65332,0.0257263,0
1.65933,0.0257939,0
1.66536,0.0258615,0
1.67141,0.0259293,0
1.67748,0.0259972,0
1.68358,0.0260652,0
1.6897,0.0261334,0
1.69584,0.0262017,0
1.70201,0.0262701,0
1.70819,0.0263386,0
1.7144,0.0264073,0
1.72063,0.0264761,0
1.72689,0.0265451,0
1.73316,0.0266142,0
1.73946,0.0266834,0
1.74579,0.0267527,0
1.75213,0.0268222,0
1.7585,0.0268918,0
1.76489,0.0269615,0
1.77131,0.0270313,0
1.77774,0.0271013,0
1.7842,0.0271715,0
1.79069,0.0272417,0
1.7972,0.0273121,0
1.80373,0.0273826,0
1.81029,0.0274533,0
1.81687,0.027524,0
1.82347,0.0275949,0
1.8301,0.027666,0
1.83675,0.0277372,0
1.84343,0.0278085,0
1.85013,0.0278799,0
1.85685,0.0279515,0
1.8636,0.0280232,0
1.87037,0.028095,0
1.87717,0.028167,0
1.88399,0.0282391,0
1.89084,0.0283113,0
1.89771,0.0283837,0
1.90461,0.0284562,0
1.91153,0.0285288,0
1.91848,0.0286015,0
1.92546,0.0286744,0
1.93245,0.0287475,0
1.93948,0.0288206,0
1.94653,0.0288939,0
1.9536,0.0289673,0
1.9607,0.0290409,0
1.96783,0.0291146,0
1.97498,0.0291884,0
1.98216,0.0292624,0
1.98936,0.0293365,0
1.99659,0.0294107,0
2.00385,0.0294851,0
2.01113,0.0295596,0
2.01844,0.0296342,0
2.02578,0.0297089,0
2.03314,0.0297838,0
2.04053,0.0298589,0
2.04795,0.029934,0
2.05539,0.0300093,0
2.06286,0.0300848,0
2.07036,0.0301603,0
2.07789,0.030236,0
2.08544,0.0303119,0
2.09302,0.0303878,0
2.10063,0.0304639,0
2.10826,0.0305402,0
2.11593,0.0306165,0
2.12362,0.030693,0
2.13133,0.0307697,0
2.13908,0.0308465,0
2.14686,0.0309234,0
2.15466,0.0310004,0
2.16249,0.0310776,0
2.17035,0.0311549,0
2.17824,0.0312324,0
2.18616,0.0313099,0
2.1941,0.0313877,0
2.20208,0.0314655,0
2.21008,0.0315435,0
2.21811,0.0316216,0
2.22618,0.0316999,0
2.23427,0.0317783,0
2.24239,0.0318568,0
2.25054,0.0319355,0
2.25872,0.0320143,0
2.26693,0.0320932,0
2.27517,0.0321723,0
2.28344,0.0322515,0
2.29174,0.0323308,0
2.30007,0.0324103,0
2.30843,0.0324899,0
2.31682,0.0325697,0
2.32524,0.0326496,0
2.33369,0.0327296,0
2.34217,0.0328098,0
2.35068,0.0328901,0
2.35923,0.0329705,0
2.3678,0.0330511,0
2.37641,0.0331318,0
2.38505,0.0332126,0
2.39372,0.0332936,0
2.40242,0.0333747,0
2.41115,0.0334559,0
2.41991,0.0335373,0
2.42871,0.0336188,0
2.43753,0.0337005,0
2.44639,0.0337823,0
2.45529,0.0338642,0
2.46421,0.0339463,0
2.47317,0.0340285,0
2.48216,0.0341108,0
2.49118,0.0341933,0
2.50023,0.0342759,0
2.50932,0.0343587,0
2.51844,0.0344416,0
2.52759,0.0345246,0
2.53678,0.0346077,0
2.546,0.034691,0
2.55525,0.0347745,0
2.56454,0.034858,0
2.57386,0.0349418,0
2.58322,0.0350256,0
2.59261,0.0351096,0
2.60203,0.0351937,0
2.61149,0.035278,0
2.62098,0.0353623,0
2.63051,0.0354469,0
2.64007,0.0355315,0
2.64966,0.0356163,0
2.65929,0.0357013,0
2.66896,0.0357864,0
2.67866,0.0358716,0
2.6884,0.0359569,0
2.69817,0.0360424,0
2.70797,0.036128,0
2.71782,0.0362138,0
2.7277,0.0362997,0
2.73761,0.0363857,1.4822e-323
2.74756,0.0364719,1.4822e-322
2.75755,0.0365582,1.05236e-321
2.76757,0.0366447,7.61849e-321
2.77763,0.0367312,5.47771e-320
2.78772,0.036818,3.92925e-319
2.79786,0.0369048,2.81096e-318
2.80803,0.0369918,2.00563e-317
2.81823,0.037079,1.42723e-316
2.82848,0.0371662,1.01295e-315
2.83876,0.0372536,7.17026e-315
2.84907,0.0373412,5.0621e-314
2.85943,0.0374289,3.56432e-313
2.86982,0.0375167,2.50307e-312
2.88025,0.0376046,1.75316e-311
2.89072,0.0376927,1.22467e-310
2.90123,0.037781,8.53231e-310
2.91177,0.0378693,5.92877e-309
2.92236,0.0379578,4.10879e-308
2.93298,0.0380465,2.83997e-307
2.94364,0.0381353,1.95777e-306
2.95434,0.0382242,1.34606e-305
2.96508,0.0383132,9.23025e-305
2.97585,0.0384024,6.31269e-304
2.98667,0.0384918,4.30592e-303
2.99753,0.0385812,2.92933e-302
3.00842,0.0386708,2.08996e-301
3.01935,0.0387606,1.50908e-300
3.03033,0.0388505,1.08657e-299
3.04134,0.0389405,7.80143e-299
3.0524,0.0390306,5.58549e-298
3.06349,0.0391209,3.98767e-297
3.07463,0.0392114,2.83889e-296
3.0858,0.0393019,2.01534e-295
3.09702,0.0393926,1.42665e-294
3.10827,0.0394835,1.00707e-293
3.11957,0.0395744,7.08881e-293
3.13091,0.0396656,4.97573e-292
3.14229,0.0397568,3.48266e-291
3.15371,0.0398482,2.43073e-290
3.16517,0.0399397,1.69174e-289
3.17668,0.0400314,1.17409e-288
3.18822,0.0401232,8.12527e-288
3.19981,0.0402151,5.60721e-287
3.21144,0.0403072,3.85858e-286
3.22312,0.0403994,2.64776e-285
3.23483,0.0404918,1.81176e-284
3.24659,0.0405842,1.23621e-283
3.25839,0.0406769,8.41116e-283
3.27023,0.0407696,5.70677e-282
3.28212,0.0408625,3.86097e-281
3.29405,0.0409555,2.60479e-280
3.30602,0.0410487,1.75234e-279
3.31804,0.041142,1.17554e-278
3.3301,0.0412355,7.8637e-278
3.3422,0.041329,5.2455e-277
3.35435,0.0414228,3.48913e-276
3.36654,0.0415166,2.3143e-275
3.37878,0.0416106,1.53071e-274
3.39106,0.0417047,1.00957e-273
3.40338,0.041799,6.63973e-273
3.41575,0.0418934,4.35448e-272
3.42817,0.0419879,2.84769e-271
3.44063,0.0420826,1.85703e-270
3.45313,0.0421774,1.20759e-269
3.46568,0.0422724,7.83046e-269
3.47828,0.0423675,5.06323e-268
3.49092,0.0424627,3.26467e-267
3.50361,0.042558,2.09904e-266
3.51635,0.0426535,1.34578e-265
3.52913,0.0427492,8.60394e-265
3.54195,0.0428449,5.48519e-264
3.55483,0.0429408,3.48705e-263
3.56775,0.0430369,2.21052e-262
3.58072,0.043133,1.39734e-261
3.59373,0.0432293,8.80805e-261
3.60679,0.0433258,5.53642e-260
3.6199,0.0434224,3.47016e-259
3.63306,0.0435191,2.16891e-258
3.64626,0.0436159,1.35177e-257
3.65952,0.0437129,8.40109e-257
3.67282,0.0438101,5.20642e-256
3.68617,0.0439073,3.21747e-255
3.69956,0.0440047,1.98271e-254
3.71301,0.0441022,1.21836e-253
3.72651,0.0441999,7.46559e-253
3.74005,0.0442977,4.56166e-252
3.75365,0.0443957,2.77941e-251
3.76729,0.0444937,1.6887e-250
3.78098,0.0445919,1.02311e-249
3.79472,0.0446903,6.1811e-249
3.80852,0.0447888,3.72374e-248
3.82236,0.0448874,2.23698e-247
3.83625,0.0449861,1.34004e-246
3.8502,0.045085,8.00468e-246
3.86419,0.0451841,4.76805e-245
3.87823,0.0452832,2.8321e-244
3.89233,0.0453825,1.67744e-243
3.90648,0.0454819,9.90732e-243
3.92068,0.0455815,5.83494e-242
3.93493,0.0456812,3.42679e-241
3.94923,0.045781,2.00683e-240
3.96358,0.045881,1.17193e-239
3.97799,0.0459811,6.82445e-239
3.99245,0.0460813,3.9628e-238
4.00696,0.0461817,2.32998e-237
4.02152,0.0462822,1.38887e-236
4.03614,0.0463828,8.25461e-236
4.05081,0.0464836,4.89167e-235
4.06553,0.0465845,2.8903e-234
4.08031,0.0466856,1.70277e-233
4.09514,0.0467867,1.00022e-232
4.11003,0.046888,5.85811e-232
4.12496,0.0469895,3.42095e-231
4.13996,0.0470911,1.99188e-230
4.155,0.0471928,1.15639e-229
4.17011,0.0472946,6.69376e-229
4.18526,0.0473966,3.86334e-228
4.20048,0.0474987,2.22321e-227
4.21574,0.047601,1.27563e-226
4.23107,0.0477033,7.29785e-226
4.24644,0.0478058,4.16285e-225
4.26188,0.0479085,2.36762e-224
4.27737,0.0480113,1.34264e-223
4.29292,0.0481142,7.59157e-223
4.30852,0.0482172,4.27987e-222
4.32418,0.0483204,2.40577e-221
4.3399,0.0484237,1.34836e-220
4.35567,0.0485271,7.53496e-220
4.3715,0.0486307,4.19839e-219
4.38739,0.0487344,2.33244e-218
4.40334,0.0488383,1.292e-217
4.41934,0.0489422,7.13579e-217
4.4354,0.0490463,3.92959e-216
4.45153,0.0491506,2.15763e-215
4.46771,0.0492549,1.18123e-214
4.48394,0.0493594,6.44786e-214
4.50024,0.0494641,3.50932e-213
4.5166,0.0495688,1.90439e-212
4.53301,0.0496737,1.03042e-211
4.54949,0.0497788,5.55906e-211
4.56603,0.0498839,2.99028e-210
4.58262,0.0499892,1.60379e-209
4.59928,0.0500946,8.57652e-209
4.616,0.0502002,4.57298e-208
4.63277,0.0503059,2.43116e-207
4.64961,0.0504117,1.2887e-206
4.66651,0.0505176,6.81111e-206
4.68347,0.0506237,3.58929e-205
4.7005,0.0507299,1.88593e-204
4.71758,0.0508362,9.88026e-204
4.73473,0.0509427,5.16104e-203
4.75194,0.0510493,2.68801e-202
4.76921,0.051156,1.39589e-201
4.78654,0.0512629,7.22765e-201
4.80394,0.0513699,3.73137e-200
4.8214,0.051477,1.92073e-199
4.83892,0.0515842,9.85799e-199
4.85651,0.0516916,5.04472e-198
4.87416,0.0517991,2.57402e-197
4.89188,0.0519068,1.30952e-196
4.90966,0.0520145,6.6426e-196
4.92751,0.0521224,3.35962e-195
4.94542,0.0522305,1.69421e-194
4.96339,0.0523386,8.51865e-194
4.98143,0.0524469,4.27071e-193
4.99954,0.0525553,2.13479e-192
5.01771,0.0526638,1.04474e-191
5.03595,0.0527725,5.09573e-191
5.05425,0.0528813,2.47834e-190
5.07262,0.0529902,1.20191e-189
5.09106,0.0530993,5.81215e-189
5.10956,0.0532085,2.80258e-188
5.12813,0.0533178,1.34751e-187
5.14677,0.0534272,6.46048e-187
5.16548,0.0535368,3.08853e-186
5.18425,0.0536464,1.47229e-185
5.2031,0.0537563,6.99828e-185
5.22201,0.0538662,3.31699e-184
5.24099,0.0539763,1.56766e-183
5.26004,0.0540865,7.38782e-183
5.27916,0.0541968,3.47164e-182
5.29834,0.0543073,1.62671e-181
5.3176,0.0544178,7.60045e-181
5.33693,0.0545285,3.54099e-180
5.35633,0.0546394,1.645e-179
5.3758,0.0547503,7.62009e-179
5.39533,0.0548614,3.51975e-178
5.41494,0.0549726,1.62113e-177
5.43463,0.055084,7.44526e-177
5.45438,0.0551954,3.40955e-176
5.4742,0.055307,1.55693e-175
5.4941,0.0554187,7.08921e-175
5.51407,0.0555305,3.2187e-174
5.53411,0.0556425,1.4572e-173
5.55423,0.0557546,6.5783e-173
5.57441,0.0558668,2.96117e-172
5.59468,0.0559791,1.32913e-171
5.61501,0.0560916,5.94878e-171
5.63542,0.0562042,2.65487e-170
5.6559,0.0563169,1.18145e-169
5.67646,0.0564297,5.24252e-169
5.69709,0.0565427,2.31965e-168
5.7178,0.0566557,1.02343e-167
5.73858,0.0567689,4.50247e-167
5.75944,0.0568823,1.97514e-166
5.78037,0.0569957,8.63976e-166
5.80138,0.0571093,3.76843e-165
5.82247,0.057223,1.63898e-164
5.84363,0.0573368,7.10793e-164
5.86487,0.0574507,3.07374e-163
5.88619,0.0575648,1.3254e-162
5.90758,0.057679,5.69879e-162
5.92905,0.0577933,2.44328e-161
5.9506,0.0579077,1.04452e-160
5.97223,0.0580223,4.45267e-160
5.99394,0.0581369,1.89268e-159
6.01572,0.0582517,8.02211e-159
6.03759,0.0583666,3.39044e-158
6.05953,0.0584817,1.42882e-157
6.08156,0.0585968,6.00422e-157
6.10366,0.0587121,2.51588e-156
6.12585,0.0588275,1.05118e-155
6.14811,0.058943,4.37949e-155
6.17046,0.0590586,1.81938e-154
6.19289,0.0591744,7.53664e-154
6.2154,0.0592903,3.11306e-153
6.23799,0.0594063,1.28219e-152
6.26066,0.0595224,5.26592e-152
6.28342,0.0596386,2.15651e-151
6.30625,0.059755,8.80608e-151
6.32917,0.0598714,3.58566e-150
6.35218,0.059988,1.45583e-149
6.37527,0.0601047,5.894e-149
6.39844,0.0602215,2.37938e-148
6.42169,0.0603385,9.57793e-148
6.44504,0.0604555,3.84446e-147
6.46846,0.0605727,1.5387e-146
6.49197,0.06069,6.14086e-146
6.51557,0.0608074,2.44376e-145
6.53925,0.060925,9.69716e-145
6.56302,0.0610426,3.83694e-144
6.58687,0.0611604,1.51384e-143
6.61081,0.0612783,5.9557e-143
6.63484,0.0613963,2.33636e-142
6.65896,0.0615144,9.13906e-142
6.68316,0.0616326,3.56467e-141
6.70745,0.0617509,1.38641e-140
6.73183,0.0618694,5.37676e-140
6.7563,0.061988,2.07924e-139
6.78085,0.0621067,8.01757e-139
6.8055,0.0622255,3.08274e-138
6.83024,0.0623444,1.18192e-137
6.85506,0.0624634,4.51848e-137
6.87998,0.0625826,1.72247e-136
6.90498,0.0627018,6.54739e-136
6.93008,0.0628212,2.48164e-135
6.95527,0.0629407,9.3792e-135
6.98055,0.0630603,3.53466e-134
7.00592,0.06318,1.32827e-133
7.03139,0.0632999,4.97711e-133
7.05694,0.0634198,1.85963e-132
7.08259,0.0635399,6.92834e-132
7.10834,0.06366,2.57388e-131
7.13417,0.0637803,9.53458e-131
7.1601,0.0639007,3.52185e-130
7.18613,0.0640212,1.29717e-129
7.21225,0.0641418,4.76405e-129
7.23846,0.0642625,1.74466e-128
7.26477,0.0643834,6.37093e-128
7.29117,0.0645043,2.31979e-127
7.31767,0.0646254,8.42268e-127
7.34427,0.0647466,3.04935e-126
7.37097,0.0648678,1.10083e-125
7.39776,0.0649892,3.96267e-125
7.42465,0.0651107,1.42236e-124
7.45163,0.0652323,5.09083e-124
7.47872,0.0653541,1.81687e-123
7.5059,0.0654759,6.37373e-123
7.53318,0.0655978,2.11746e-122
7.56056,0.0657199,7.0165e-122
7.58804,0.065842,2.31903e-121
7.61562,0.0659643,7.64495e-121
7.6433,0.0660867,2.51376e-120
7.67108,0.0662091,8.24435e-120
7.69896,0.0663317,2.69693e-119
7.72695,0.0664544,8.79964e-119
7.75503,0.0665772,2.8638e-118
7.78322,0.0667001,9.2961e-118
7.81151,0.0668231,3.00983e-117
7.8399,0.0669463,9.71995e-117
7.86839,0.0670695,3.1309e-116
7.89699,0.0671928,1.0059e-115
7.9257,0.0673162,3.22346e-115
7.9545,0.0674398,1.03032e-114
7.98342,0.0675634,3.28476e-114
8.01243,0.0676872,1.04452e-113
8.04156,0.067811,3.31294e-113
8.07078,0.067935,1.04807e-112
8.10012,0.0680591,3.30711e-112
8.12956,0.0681832,1.04085e-111
8.15911,0.0683075,3.26747e-111
8.18876,0.0684319,1.0231e-110
8.21853,0.0685564,3.19523e-110
8.2484,0.0686809,9.95338e-110
8.27838,0.0688056,3.09258e-109
8.30847,0.0689304,9.58412e-109
8.33867,0.0690553,2.96255e-108
8.36897,0.0691803,9.134e-108
8.39939,0.0693054,2.80891e-107
8.42992,0.0694306,8.61583e-107
8.46056,0.0695559,2.63595e-106
8.49131,0.0696813,8.04378e-106
8.52218,0.0698067,2.4483e-105
8.55315,0.0699323,7.43277e-105
8.58424,0.070058,2.25071e-104
8.61544,0.0701838,6.7978e-104
8.64675,0.0703097,2.04786e-103
8.67818,0.0704357,6.15338e-103
8.70972,0.0705618,1.8442e-102
8.74138,0.070688,5.51297e-102
8.77315,0.0708143,1.64378e-101
8.80504,0.0709407,4.88861e-101
8.83704,0.0710672,1.45013e-100
8.86916,0.0711937,4.29054e-100
8.9014,0.0713204,1.26619e-99
8.93375,0.0714472,3.72706e-99
8.96622,0.0715741,1.09425e-98
8.99881,0.071701,3.20441e-98
9.03152,0.0718281,9.35969e-98
9.06435,0.0719553,2.72682e-97
9.09729,0.0720825,7.9238e-97
9.13036,0.0722099,2.29664e-96
9.16354,0.0723373,6.63947e-96
9.19685,0.0724648,1.9145e-95
9.23028,0.0725925,5.5063e-95
9.26383,0.0727202,1.5796e-94
9.2975,0.072848,4.51975e-94
9.33129,0.0729759,1.28992e-93
9.36521,0.073104,3.67194e-93
9.39925,0.0732321,1.04258e-92
9.43341,0.0733603,2.9526e-92
9.4677,0.0734885,8.3403e-92
9.50211,0.0736169,2.34985e-91
9.53665,0.0737454,6.60361e-91
9.57131,0.073874,1.85099e-90
9.6061,0.0740026,5.17497e-90
9.64101,0.0741314,1.44309e-89
9.67605,0.0742602,4.01386e-89
9.71122,0.0743891,1.11356e-88
9.74652,0.0745181,3.08137e-88
9.78195,0.0746472,8.50466e-88
9.8175,0.0747764,2.34128e-87
9.85318,0.0749057,6.4288e-87
9.889,0.0750351,1.76071e-86
9.92494,0.0751646,4.80982e-86
9.96101,0.0752941,1.31054e-85
9.99722,0.0754237,3.56169e-85
10.0336,0.0755535,8.82847e-85
10.07,0.0756833,2.16754e-84
10.1066,0.0758132,5.31054e-84
10.1434,0.0759432,1.29837e-83
10.1802,0.0760732,3.16773e-83
10.2172,0.0762034,7.71235e-83
10.2544,0.0763336,1.87376e-82
10.2916,0.076464,4.54287e-82
10.329,0.0765944,1.09909e-81
10.3666,0.0767249,2.65356e-81
10.4043,0.0768555,6.39311e-81
10.4421,0.0769861,1.53704e-80
10.48,0.0771169,3.68762e-80
10.5181,0.0772477,8.82869e-80
10.5564,0.0773786,2.10929e-79
10.5947,0.0775096,5.02879e-79
10.6332,0.0776407,1.19641e-78
10.6719,0.0777719,2.84045e-78
10.7107,0.0779031,6.72949e-78
10.7496,0.0780345,1.59099e-77
10.7887,0.0781659,3.75353e-77
10.8279,0.0782974,8.83695e-77
10.8672,0.078429,2.07612e-76
10.9067,0.0785606,4.86736e-76
10.9464,0.0786923,1.13874e-75
10.9862,0.0788241,2.65853e-75
11.0261,0.078956,6.19368e-75
11.0662,0.079088,1.43994e-74
11.1064,0.0792201,3.34064e-74
11.1468,0.0793522,7.73401e-74
11.1873,0.0794844,1.78677e-73
11.2279,0.0796167,4.11927e-73
11.2687,0.079749,9.4768e-73
11.3097,0.0798815,2.17566e-72
11.3508,0.080014,4.98438e-72
11.3921,0.0801466,1.13951e-71
11.4335,0.0802792,2.59966e-71
11.475,0.080412,5.91839e-71
11.5167,0.0805448,1.34456e-70
11.5586,0.0806777,3.0482e-70
11.6006,0.0808107,6.89599e-70
11.6428,0.0809437,1.55682e-69
11.6851,0.0810768,3.50728e-69
11.7276,0.08121,7.8848e-69
11.7702,0.0813433,1.76889e-68
11.813,0.0814766,3.96003e-68
11.8559,0.08161,8.84679e-68
11.899,0.0817435,1.97225e-67
11.9422,0.081877,4.38761e-67
11.9857,0.0820106,9.74052e-67
12.0292,0.0821443,2.15787e-66
12.0729,0.0822781,4.77043e-66
12.1168,0.0824119,1.0524e-65
12.1609,0.0825458,2.31681e-65
12.2051,0.0826798,5.08966e-65
12.2494,0.0828138,1.11578e-64
12.2939,0.0829479,2.44093e-64
12.3386,0.0830821,5.3287e-64
12.3835,0.0832164,1.16085e-63
12.4285,0.0833507,2.52361e-63
12.4737,0.0834851,5.47463e-63
12.519,0.0836195,1.18516e-62
12.5645,0.083754,2.56029e-62
12.6102,0.0838886,5.51937e-62
12.656,0.0840233,1.18735e-61
12.702,0.084158,2.54893e-61
12.7482,0.0842928,5.46041e-61
12.7945,0.0844276,1.1673e-60
12.841,0.0845625,2.49016e-60
12.8877,0.0846975,5.30105e-60
12.9345,0.0848325,1.12612e-59
12.9815,0.0849676,2.38725e-59
13.0287,0.0851028,5.0501e-59
13.0761,0.085238,1.06608e-58
13.1236,0.0853733,2.24579e-58
13.1713,0.0855086,4.72105e-58
13.2192,0.085644,9.90367e-58
13.2672,0.0857795,2.07321e-57
13.3154,0.085915,4.3309e-57
13.3638,0.0860506,9.02823e-57
13.4124,0.0861863,1.87809e-56
13.4612,0.086322,3.89869e-56
13.5101,0.0864578,8.07627e-56
13.5592,0.0865936,1.66952e-55
13.6085,0.0867295,3.44398e-55
13.6579,0.0868654,7.08957e-55
13.7076,0.0870014,1.45636e-54
13.7574,0.0871375,2.98541e-54
13.8074,0.0872736,6.10703e-54
13.8576,0.0874098,1.24665e-53
13.908,0.087546,2.5395e-53
13.9585,0.0876823,5.16227e-53
14.0092,0.0878186,1.04718e-52
14.0602,0.087955,2.11979e-52
14.1113,0.0880915,4.28206e-52
14.1626,0.088228,8.63181e-52
14.214,0.0883645,1.73636e-51
14.2657,0.0885012,3.48551e-51
14.3175,0.0886378,6.98204e-51
14.3696,0.0887745,1.39568e-50
14.4218,0.0889113,2.78407e-50
14.4742,0.0890481,5.54196e-50
14.5268,0.089185,1.10087e-49
14.5796,0.0893219,2.18221e-49
14.6326,0.0894589,4.31664e-49
14.6858,0.0895959,8.52089e-49
14.7392,0.089733,1.67847e-48
14.7928,0.0898701,3.29936e-48
14.8465,0.0900073,6.47196e-48
14.9005,0.0901445,1.26687e-47
14.9547,0.0902818,2.47465e-47
15.009,0.0904191,4.75239e-47
15.0636,0.0905564,8.45065e-47
15.1183,0.0906939,1.50033e-46
15.1733,0.0908313,2.65953e-46
15.2284,0.0909688,4.70695e-46
15.2838,0.0911064,8.31753e-46
15.3393,0.091244,1.46746e-45
15.3951,0.0913816,2.585e-45
15.451,0.0915193,4.54643e-45
15.5072,0.091657,7.98364e-45
15.5635,0.0917948,1.39975e-44
15.6201,0.0919326,2.45029e-44
15.6769,0.0920704,4.28257e-44
15.7339,0.0922083,7.47326e-44
15.7911,0.0923463,1.30207e-43
15.8485,0.0924843,2.26505e-43
15.9061,0.0926223,3.93405e-43
15.9639,0.0927603,6.82215e-43
16.0219,0.0928984,1.18119e-42
16.0801,0.0930366,2.04193e-42
16.1386,0.0931748,3.52435e-42
16.1972,0.093313,6.07345e-42
16.2561,0.0934512,1.04499e-41
16.3152,0.0935895,1.79517e-41
16.3745,0.0937279,3.07907e-41
16.434,0.0938662,5.27293e-41
16.4937,0.0940047,9.01578e-41
16.5537,0.0941431,1.53912e-40
16.6139,0.0942816,2.62339e-40
16.6742,0.0944201,4.46448e-40
16.7348,0.0945586,7.58574e-40
16.7957,0.0946972,1.2869e-39
16.8567,0.0948359,2.17976e-39
16.918,0.0949745,3.68632e-39
16.9795,0.0951132,6.22437e-39
17.0412,0.0952519,1.04934e-38
17.1031,0.0953907,1.76627e-38
17.1653,0.0955294,2.96836e-38
17.2277,0.0956683,4.98075e-38
17.2903,0.0958071,8.34434e-38
17.3531,0.095946,1.39575e-37
17.4162,0.0960849,2.331e-37
17.4795,0.0962238,3.88684e-37
17.5431,0.0963628,6.47098e-37
17.6068,0.0965018,1.07563e-36
17.6708,0.0966408,1.78514e-36
17.735,0.0967799,2.95802e-36
17.7995,0.0969189,4.89385e-36
17.8642,0.097058,8.08384e-36
17.9291,0.0971972,1.33323e-35
17.9943,0.0973363,2.19538e-35
18.0597,0.0974755,3.60938e-35
18.1253,0.0976147,5.92483e-35
18.1912,0.097754,9.71042e-35
18.2573,0.0978932,1.58898e-34
18.3237,0.0980325,2.59608e-34
18.3903,0.0981718,4.23484e-34
18.4571,0.0983111,6.89723e-34
18.5242,0.0984505,1.12158e-33
18.5915,0.0985899,1.82099e-33
18.6591,0.0987293,2.95189e-33
18.7269,0.0988687,4.77765e-33
18.795,0.0990081,7.72051e-33
18.8633,0.0991476,1.24565e-32
18.9319,0.0992871,2.00663e-32
19.0007,0.0994266,3.22742e-32
19.0698,0.0995661,5.18279e-32
19.1391,0.0997056,8.30979e-32
19.2086,0.0998452,1.33026e-31
19.2784,0.0999847,2.12618e-31
19.3485,0.100124,3.393e-31
19.4188,0.100264,5.40612e-31
19.4894,0.100404,8.60017e-31
19.5603,0.100543,1.36599e-30
19.6314,0.100683,2.16624e-30
19.7027,0.100822,3.42992e-30
19.7743,0.100962,5.42226e-30
19.8462,0.101102,8.55847e-30
19.9183,0.101242,1.34875e-29
19.9907,0.101381,2.12219e-29
20.0634,0.101521,3.17386e-29
20.1363,0.101661,4.70682e-29
20.2095,0.101801,6.97183e-29
20.283,0.10194,1.03144e-28
20.3567,0.10208,1.52413e-28
20.4307,0.10222,2.24945e-28
20.5049,0.10236,3.31598e-28
20.5795,0.102499,4.88231e-28
20.6542,0.102639,7.17989e-28
20.7293,0.102779,1.0546e-27
20.8047,0.102919,1.54717e-27
20.8803,0.103059,2.26709e-27
20.9562,0.103199,3.318e-27
21.0323,0.103338,4.85024e-27
21.1088,0.103478,7.08157e-27
21.1855,0.103618,1.0327e-26
21.2625,0.103758,1.50417e-26
21.3398,0.103898,2.18827e-26
21.4174,0.104038,3.17967e-26
21.4952,0.104178,4.6147e-26
21.5733,0.104318,6.68933e-26
21.6517,0.104457,9.68503e-26
21.7304,0.104597,1.40055e-25
21.8094,0.104737,2.0229e-25
21.8887,0.104877,2.9183e-25
21.9683,0.105017,4.20498e-25
22.0481,0.105157,6.0517e-25
22.1282,0.105297,8.69899e-25
22.2087,0.105437,1.24894e-24
22.2894,0.105577,1.79098e-24
22.3704,0.105716,2.56518e-24
22.4517,0.105856,3.66966e-24
22.5333,0.105996,5.24339e-24
22.6152,0.106136,7.48304e-24
22.6974,0.106276,1.06665e-23
22.7799,0.106416,1.51861e-23
22.8627,0.106556,2.15947e-23
22.9458,0.106695,3.06711e-23
23.0292,0.106835,4.351e-23
23.1129,0.106975,6.16493e-23
23.1969,0.107115,8.72461e-23
23.2812,0.107255,1.23323e-22
23.3658,0.107395,1.74108e-22
23.4508,0.107534,2.45512e-22
23.536,0.107674,3.45786e-22
23.6216,0.107814,4.86429e-22
23.7074,0.107954,6.83457e-22
23.7936,0.108094,9.59139e-22
23.8801,0.108233,1.34441e-21
23.9669,0.108373,1.88217e-21
24.054,0.108513,2.63188e-21
24.1414,0.108653,3.6758e-21
24.2291,0.108792,5.12764e-21
24.3172,0.108932,7.14433e-21
24.4056,0.109072,9.94224e-21
24.4943,0.109211,1.38193e-20
24.5833,0.109351,1.91852e-20
24.6727,0.109491,2.66027e-20
24.7624,0.10963,3.68438e-20
24.8524,0.10977,5.09662e-20
24.9427,0.109909,7.04172e-20
25.0333,0.110049,9.37921e-20
25.1243,0.110189,1.17442e-19
25.2157,0.110328,1.46968e-19
25.3073,0.110468,1.8381e-19
25.3993,0.110607,2.29753e-19
25.4916,0.110747,2.87011e-19
25.5843,0.110886,3.58327e-19
25.6772,0.111026,4.47102e-19
25.7706,0.111165,5.57543e-19
25.8642,0.111304,6.94856e-19
25.9583,0.111444,8.65479e-19
26.0526,0.111583,1.07737e-18
26.1473,0.111722,1.34034e-18
26.2423,0.111862,1.66653e-18
26.3377,0.112001,2.07088e-18
26.4334,0.11214,2.57183e-18
26.5295,0.112279,3.19209e-18
26.6259,0.112419,3.95961e-18
26.7227,0.112558,4.90879e-18
26.8198,0.112697,6.08194e-18
26.9173,0.112836,7.53104e-18
27.0152,0.112975,9.31993e-18
27.1134,0.113114,1.1527e-17
27.2119,0.113253,1.42483e-17
27.3108,0.113392,1.76018e-17
27.4101,0.113531,2.17317e-17
27.5097,0.11367,2.6815e-17
27.6097,0.113809,3.30678e-17
27.71,0.113948,4.07548e-17
27.8108,0.114087,5.01992e-17
27.9118,0.114226,6.1796e-17
28.0133,0.114364,7.60272e-17
28.1151,0.114503,9.34809e-17
28.2173,0.114642,1.14874e-16
28.3199,0.114781,1.4108e-16
28.4228,0.114919,1.73163e-16
28.5261,0.115058,2.12416e-16
28.6298,0.115196,2.60416e-16
28.7338,0.115335,3.19074e-16
28.8383,0.115473,3.90715e-16
28.9431,0.115612,4.78161e-16
29.0483,0.11575,5.84835e-16
29.1539,0.115889,7.14888e-16
29.2598,0.116027,8.73348e-16
29.3662,0.116165,1.06631e-15
29.4729,0.116303,1.30113e-15
29.5801,0.116442,1.58674e-15
29.6876,0.11658,1.93391e-15
29.7955,0.116718,2.35565e-15
29.9038,0.116856,2.86768e-15
30.0125,0.116994,3.48896e-15
30.1215,0.117132,4.24234e-15
30.231,0.11727,5.15538e-15
30.3409,0.117408,6.26125e-15
30.4512,0.117546,7.59987e-15
30.5619,0.117684,9.21927e-15
30.6729,0.117821,1.11772e-14
30.7844,0.117959,1.35429e-14
30.8963,0.118097,1.63998e-14
31.0086,0.118234,1.98476e-14
31.1213,0.118372,2.40063e-14
31.2344,0.11851,2.90192e-14
31.348,0.118647,3.50584e-14
31.4619,0.118784,4.23295e-14
31.5763,0.118922,5.10786e-14
31.691,0.119059,6.15999e-14
31.8062,0.119196,7.42448e-14
31.9218,0.119334,8.94329e-14
32.0378,0.119471,1.07665e-13
32.1543,0.119608,1.29537e-13
32.2712,0.119745,1.55762e-13
32.3885,0.119882,1.87186e-13
32.5062,0.120019,2.24818e-13
32.6243,0.120156,2.69856e-13
32.7429,0.120293,3.23727e-13
32.8619,0.12043,3.88124e-13
32.9814,0.120566,4.65059e-13
33.1012,0.120703,5.56917e-13
33.2215,0.12084,6.66526e-13
33.3423,0.120976,7.97241e-13
33.4635,0.121113,9.53031e-13
33.5851,0.121249,1.1386e-12
33.7072,0.121385,1.35949e-12
33.8297,0.121522,1.62229e-12
33.9526,0.121658,1.93476e-12
34.0761,0.121794,2.30606e-12
34.1999,0.12193,2.74699e-12
34.3242,0.122066,3.27032e-12
34.449,0.122202,3.89107e-12
34.5742,0.122338,4.62692e-12
34.6998,0.122474,5.4987e-12
34.826,0.12261,6.5309e-12
34.9526,0.122746,7.75232e-12
35.0796,0.122881,9.19676e-12
35.2071,0.123017,1.09039e-11
35.3351,0.123152,1.29204e-11
35.4635,0.123288,1.53009e-11
35.5924,0.123423,1.81092e-11
35.7218,0.123559,2.14204e-11
35.8516,0.123694,2.53222e-11
35.9819,0.123829,2.99172e-11
36.1127,0.123964,3.53252e-11
36.2439,0.124099,4.16864e-11
36.3757,0.124234,4.91641e-11
36.5079,0.124369,5.79492e-11
36.6406,0.124504,6.8264e-11
36.7738,0.124639,8.03677e-11
36.9074,0.124773,9.45618e-11
37.0416,0.124908,1.11198e-10
37.1762,0.125043,1.30683e-10
37.3113,0.125177,1.53493e-10
37.4469,0.125311,1.80179e-10
37.583,0.125446,2.1138e-10
37.7196,0.12558,2.47839e-10
37.8567,0.125714,2.90415e-10
37.9943,0.125848,3.40106e-10
38.1324,0.125982,3.98066e-10
38.271,0.126116,4.6563e-10
38.4101,0.12625,5.44341e-10
38.5497,0.126384,6.35984e-10
38.6899,0.126517,7.42621e-10
38.8305,0.126651,8.66628e-10
38.9716,0.126784,1.01075e-09
39.1133,0.126918,1.17815e-09
39.2554,0.127051,1.37246e-09
39.3981,0.127184,1.59789e-09
39.5413,0.127318,1.85925e-09
39.685,0.127451,2.16209e-09
39.8293,0.127584,2.51278e-09
39.974,0.127717,2.91864e-09
40.1193,0.127849,3.38807e-09
40.2651,0.127982,3.93069e-09
40.4115,0.128115,4.55754e-09
40.5584,0.128247,5.28125e-09
40.7058,0.12838,6.1163e-09
40.8537,0.128512,7.07922e-09
41.0022,0.128645,8.18893e-09
41.1513,0.128777,9.46704e-09
41.3008,0.128909,1.09382e-08
41.451,0.129041,1.26306e-08
41.6016,0.129173,1.45762e-08
41.7528,0.129305,1.68117e-08
41.9046,0.129436,1.93787e-08
42.0569,0.129568,2.23245e-08
42.2097,0.1297,2.57031e-08
42.3632,0.129831,2.95755e-08
42.5171,0.129963,3.40115e-08
42.6717,0.130094,3.90898e-08
42.8268,0.130225,4.49e-08
42.9824,0.130356,5.15435e-08
43.1387,0.130487,5.91353e-08
43.2955,0.130618,6.78055e-08
43.4528,0.130749,7.77013e-08
43.6108,0.130879,8.8989e-08
43.7693,0.13101,1.01857e-07
43.9284,0.13114,1.16517e-07
44.088,0.131271,1.33208e-07
44.2483,0.131401,1.52202e-07
44.4091,0.131531,1.73802e-07
44.5705,0.131661,1.9835e-07
44.7325,0.131791,2.26233e-07
44.8951,0.131921,2.57885e-07
45.0583,0.132051,2.93792e-07
45.222,0.132181,3.34502e-07
45.3864,0.13231,3.8063e-07
45.5514,0.13244,4.32864e-07
45.7169,0.132569,4.91979e-07
45.8831,0.132698,5.58838e-07
46.0499,0.132827,6.3441e-07
46.2172,0.132956,7.1978e-07
46.3852,0.133085,8.16158e-07
46.5538,0.133214,9.24899e-07
46.723,0.133343,1.04751e-06
46.8929,0.133471,1.18568e-06
47.0633,0.1336,1.34129e-06
47.2343,0.133728,1.51644e-06
47.406,0.133857,1.71344e-06
47.5783,0.133985,1.9349e-06
47.7513,0.134113,2.18371e-06
47.9248,0.134241,2.46306e-06
48.099,0.134368,2.77652e-06
48.2738,0.134496,3.12803e-06
48.4493,0.134624,3.52198e-06
48.6254,0.134751,3.96321e-06
48.8021,0.134879,4.45711e-06
48.9795,0.135006,5.00961e-06
49.1575,0.135133,5.6273e-06
49.3362,0.13526,6.31744e-06
49.5155,0.135387,7.08806e-06
49.6955,0.135513,7.94802e-06
49.8761,0.13564,8.90708e-06
50.0574,0.135767,9.976e-06
50.2394,0.135893,1.11667e-05
50.422,0.136019,1.24921e-05
50.6052,0.136145,1.39666e-05
50.7892,0.136271,1.56061e-05
50.9738,0.136397,1.74277e-05
51.159,0.136523,1.94505e-05
51.345,0.136649,2.16955e-05
51.5316,0.136774,2.41853e-05
51.7189,0.1369,2.6945e-05
51.9069,0.137025,3.0002e-05
52.0955,0.13715,3.33862e-05
52.2849,0.137275,3.71304e-05
52.4749,0.1374,4.12703e-05
52.6657,0.137525,4.58448e-05
52.8571,0.137649,5.08965e-05
53.0492,0.137774,5.64716e-05
53.242,0.137898,6.26208e-05
53.4355,0.138023,6.93987e-05
53.6297,0.138147,7.68651e-05
53.8247,0.138271,8.50849e-05
54.0203,0.138395,9.41284e-05
54.2167,0.138518,0.000104072
54.4137,0.138642,0.000114998
54.6115,0.138765,0.000126998
54.81,0.138889,0.000140166
55.0092,0.139012,0.00015461
55.2091,0.139135,0.000170442
55.4098,0.139258,0.000187785
55.6112,0.139381,0.000206771
55.8133,0.139503,0.000227543
56.0162,0.139626,0.000250254
56.2198,0.139748,0.000275072
56.4241,0.139871,0.000302173
56.6292,0.139993,0.000331749
56.835,0.140115,0.000364006
57.0416,0.140236,0.000399166
57.2489,0.140358,0.000437464
57.457,0.14048,0.000479156
57.6659,0.140601,0.000524514
57.8755,0.140722,0.000573828
58.0858,0.140844,0.00062741
58.2969,0.140965,0.000685593
58.5088,0.141085,0.000748732
58.7215,0.141206,0.000817206
58.9349,0.141327,0.000891419
59.1491,0.141447,0.000971801
59.3641,0.141567,0.00105881
59.5799,0.141687,0.00115293
59.7964,0.141807,0.00125468
60.0138,0.141927,0.00136461
60.2319,0.142047,0.0014833
60.4508,0.142166,0.00161137
60.6705,0.142286,0.00174947
60.8911,0.142405,0.00189829
61.1124,0.142524,0.00205856
61.3345,0.142643,0.00223105
61.5574,0.142762,0.00241658
61.7812,0.14288,0.002616
62.0057,0.142999,0.00283021
62.2311,0.143117,0.00306017
62.4573,0.143235,0.00330687
62.6843,0.143353,0.00347959
62.9121,0.143471,0.00363843
63.1408,0.143589,0.00380376
63.3703,0.143706,0.00397583
63.6006,0.143824,0.00415486
63.8318,0.143941,0.00434109
64.0638,0.144058,0.00453479
64.2966,0.144175,0.00473619
64.5303,0.144292,0.00494556
64.7649,0.144408,0.00516317
65.0003,0.144525,0.00538929
65.2365,0.144641,0.00562421
65.4737,0.144757,0.00586821
65.7116,0.144873,0.00612159
65.9505,0.144989,0.00638465
66.1902,0.145105,0.00665771
66.4308,0.14522,0.00694108
66.6722,0.145336,0.00723509
66.9145,0.145451,0.00754006
67.1577,0.145566,0.00785634
67.4018,0.145681,0.00818427
67.6468,0.145795,0.00852422
67.8927,0.14591,0.00887653
68.1395,0.146024,0.00924159
68.3871,0.146138,0.00961977
68.6357,0.146252,0.0100114
68.8852,0.146366,0.010417
69.1355,0.14648,0.0108369
69.3868,0.146593,0.0112715
69.639,0.146707,0.0117212
69.8921,0.14682,0.0121864
70.1462,0.146933,0.0126676
70.4011,0.147046,0.0131652
70.657,0.147158,0.0136797
70.9138,0.147271,0.0142114
71.1716,0.147383,0.0147609
71.4303,0.147495,0.0153287
71.6899,0.147607,0.0159152
71.9504,0.147719,0.0165208
72.212,0.147831,0.0171461
72.4744,0.147942,0.0177916
72.7378,0.148053,0.0184578
73.0022,0.148165,0.0191451
73.2676,0.148275,0.0198541
73.5339,0.148386,0.0205853
73.8011,0.148497,0.0213392
74.0694,0.148607,0.0221164
74.3386,0.148717,0.0229173
74.6088,0.148827,0.0237426
74.88,0.148937,0.0245928
75.1521,0.149047,0.0254684
75.4253,0.149156,0.02637
75.6994,0.149266,0.0272981
75.9746,0.149375,0.0282533
76.2507,0.149484,0.0292362
76.5279,0.149593,0.0302473
76.806,0.149701,0.0312873
77.0852,0.14981,0.0323566
77.3654,0.149918,0.0334559
77.6466,0.150026,0.0345857
77.9288,0.150134,0.0357466
78.212,0.150242,0.0369392
78.4963,0.150349,0.038164
78.7816,0.150456,0.0394218
79.0679,0.150563,0.0407129
79.3553,0.15067,0.0420381
79.6438,0.150777,0.0433978
79.9332,0.150884,0.0447927
80.2238,0.15099,0.0462234
80.5154,0.151096,0.0476903
80.808,0.151202,0.0491941
81.1017,0.151308,0.0507353
81.3965,0.151414,0.0523145
81.6923,0.151519,0.0539322
81.9893,0.151624,0.055589
82.2873,0.151729,0.0572855
82.5863,0.151834,0.059022
82.8865,0.151939,0.0607993
83.1878,0.152043,0.0626177
83.4901,0.152148,0.0644778
83.7936,0.152252,0.06638
84.0982,0.152356,0.068325
84.4038,0.152459,0.070313
84.7106,0.152563,0.0723447
85.0185,0.152666,0.0744204
85.3275,0.152769,0.0765406
85.6377,0.152872,0.0787057
85.9489,0.152975,0.0809161
86.2613,0.153077,0.0831722
86.5748,0.153179,0.0854744
86.8895,0.153282,0.087823
87.2053,0.153384,0.0902183
87.5223,0.153485,0.0926608
87.8404,0.153587,0.0951506
88.1597,0.153688,0.097688
88.4801,0.153789,0.100273
88.8017,0.15389,0.102907
89.1245,0.153991,0.105589
89.4484,0.154091,0.108319
89.7735,0.154192,0.111099
90.0998,0.154292,0.113927
90.4273,0.154392,0.116804
90.756,0.154491,0.11973
91.0858,0.154591,0.122705
91.4169,0.15469,0.125729
91.7492,0.154789,0.128803
92.0826,0.154888,0.131926
92.4173,0.154987,0.135097
92.7532,0.155085,0.138318
93.0904,0.155183,0.141588
93.4287,0.155281,0.144907
93.7683,0.155379,0.148274
94.1091,0.155477,0.151689
94.4512,0.155574,0.155153
94.7945,0.155671,0.158664
95.139,0.155768,0.162223
95.4848,0.155865,0.165829
95.8319,0.155962,0.169482
96.1802,0.156058,0.173181
96.5298,0.156154,0.176926
96.8806,0.15625,0.180716
97.2328,0.156346,0.184552
97.5862,0.156441,0.188431
97.9409,0.156536,0.192354
98.2968,0.156632,0.196321
98.6541,0.156726,0.200329
99.0127,0.156821,0.204379
99.3726,0.156915,0.20847
99.7337,0.15701,0.212601
100.096,0.157104,0.216291
100.46,0.157197,0.218672
100.825,0.157291,0.221065
101.192,0.157384,0.223471
101.559,0.157477,0.225889
101.929,0.15757,0.228319
102.299,0.157663,0.230761
102.671,0.157755,0.233214
103.044,0.157848,0.23568
103.419,0.15794,0.238157
103.794,0.158032,0.240645
104.172,0.158123,0.243144
104.55,0.158214,0.245653
104.93,0.158306,0.248174
105.312,0.158396,0.250705
105.695,0.158487,0.253246
106.079,0.158578,0.255797
106.464,0.158668,0.258358
106.851,0.158758,0.260928
107.24,0.158848,0.263508
107.629,0.158937,0.266097
108.021,0.159027,0.268695
108.413,0.159116,0.271302
108.807,0.159205,0.273917
109.203,0.159293,0.27654
109.6,0.159382,0.279171
109.998,0.15947,0.28181
110.398,0.159558,0.284456
110.799,0.159645,0.287109
111.202,0.159733,0.289769
111.606,0.15982,0.292436
112.012,0.159907,0.29511
112.419,0.159994,0.297789
112.827,0.160081,0.300474
113.237,0.160167,0.303165
113.649,0.160253,0.305861
114.062,0.160339,0.308562
114.477,0.160425,0.311268
114.893,0.16051,0.313978
115.31,0.160595,0.316693
115.729,0.16068,0.319411
116.15,0.160765,0.322132
116.572,0.16085,0.324857
116.996,0.160934,0.327585
117.421,0.161018,0.330315
117.848,0.161102,0.333047
118.276,0.161185,0.335782
118.706,0.161268,0.338518
119.138,0.161352,0.341255
119.571,0.161434,0.343993
120.005,0.161517,0.346732
120.441,0.161599,0.349472
120.879,0.161681,0.352211
121.319,0.161763,0.354949
121.76,0.161845,0.357688
122.202,0.161926,0.360425
122.646,0.162007,0.36316
123.092,0.162088,0.365894
123.539,0.162169,0.368626
123.988,0.16225,0.371355
124.439,0.16233,0.374081
124.891,0.16241,0.376805
125.345,0.162489,0.379524
125.801,0.162569,0.38224
126.258,0.162648,0.384952
126.717,0.162727,0.387659
127.178,0.162806,0.390361
127.64,0.162884,0.393057
128.104,0.162962,0.395748
128.569,0.16304,0.398433
129.037,0.163118,0.401111
129.506,0.163196,0.403783
129.976,0.163273,0.406447
130.449,0.16335,0.409103
130.923,0.163427,0.411752
131.399,0.163503,0.414392
131.876,0.16358,0.417024
132.356,0.163656,0.419646
132.837,0.163731,0.422259
133.32,0.163807,0.424862
133.804,0.163882,0.427455
134.291,0.163957,0.430037
134.779,0.164032,0.432608
135.269,0.164107,0.435168
135.76,0.164181,0.437716
136.254,0.164255,0.440252
136.749,0.164329,0.442775
137.246,0.164402,0.445285
137.745,0.164475,0.447782
138.245,0.164548,0.450265
138.748,0.164621,0.452734
139.252,0.164694,0.455189
139.758,0.164766,0.457628
140.266,0.164838,0.460053
140.776,0.16491,0.462462
141.288,0.164981,0.464855
141.801,0.165052,0.467231
142.317,0.165123,0.469591
142.834,0.165194,0.471933
143.353,0.165265,0.474258
143.874,0.165335,0.476566
144.397,0.165405,0.478855
144.922,0.165474,0.481125
145.449,0.165544,0.483376
145.977,0.165613,0.485608
146.508,0.165682,0.487821
147.04,0.165751,0.490013
147.575,0.165819,0.492185
148.111,0.165887,0.494336
148.65,0.165955,0.496466
149.19,0.166023,0.498574
149.732,0.16609,0.50066
150.276,0.166157,0.502725
150.823,0.166224,0.504766
151.371,0.166291,0.506785
151.921,0.166357,0.508781
152.473,0.166423,0.510753
153.027,0.166489,0.512701
153.584,0.166554,0.514625
154.142,0.16662,0.516524
154.702,0.166685,0.518398
155.264,0.166749,0.520247
155.829,0.166814,0.522071
156.395,0.166878,0.523869
156.963,0.166942,0.52564
157.534,0.167006,0.527385
158.107,0.167069,0.529104
158.681,0.167132,0.530795
159.258,0.167195,0.532459
159.837,0.167258,0.534095
160.418,0.16732,0.535703
161.001,0.167382,0.537283
161.586,0.167444,0.538835
162.173,0.167506,0.540358
162.763,0.167567,0.541852
163.354,0.167628,0.543316
163.948,0.167689,0.544751
164.544,0.167749,0.546156
165.142,0.167809,0.547531
165.742,0.167869,0.548876
166.345,0.167929,0.55019
166.949,0.167989,0.551473
167.556,0.168048,0.552725
168.165,0.168107,0.553946
168.776,0.168165,0.555136
169.39,0.168223,0.556294
170.005,0.168282,0.55742
170.623,0.168339,0.558514
171.244,0.168397,0.559575
171.866,0.168454,0.560604
172.491,0.168511,0.561601
173.118,0.168568,0.562564
173.747,0.168624,0.563495
174.378,0.16868,0.564392
175.012,0.168736,0.565256
175.648,0.168792,0.566087
176.287,0.168847,0.566884
176.927,0.168902,0.567647
177.57,0.168957,0.568376
178.216,0.169012,0.569071
178.864,0.169066,0.569732
179.514,0.16912,0.570358
180.166,0.169174,0.57095
180.821,0.169227,0.571507
181.478,0.16928,0.57203
182.138,0.169333,0.572518
182.8,0.169386,0.572971
183.464,0.169438,0.573389
184.131,0.16949,0.573773
184.8,0.169542,0.574121
185.472,0.169593,0.574434
186.146,0.169644,0.574712
186.823,0.169695,0.574954
187.502,0.169746,0.575161
188.183,0.169796,0.575333
188.867,0.169846,0.57547
189.554,0.169896,0.575571
190.243,0.169946,0.575637
190.934,0.169995,0.575667
191.628,0.170044,0.575662
192.325,0.170093,0.575621
193.024,0.170141,0.575546
193.725,0.170189,0.575434
194.429,0.170237,0.575287
195.136,0.170285,0.575105
195.845,0.170332,0.574888
196.557,0.170379,0.574635
197.272,0.170426,0.574347
197.989,0.170472,0.574024
198.708,0.170518,0.573666
199.43,0.170564,0.573273
200.155,0.17061,0.572844
200.883,0.170655,0.572381
201.613,0.1707,0.571883
202.346,0.170745,0.571351
203.081,0.170789,0.570783
203.819,0.170833,0.570181
204.56,0.170877,0.569545
205.304,0.170921,0.568874
206.05,0.170964,0.56817
206.799,0.171007,0.567431
207.55,0.17105,0.566658
208.305,0.171093,0.565852
209.062,0.171135,0.565011
209.822,0.171177,0.564138
210.584,0.171218,0.563231
211.35,0.17126,0.562291
212.118,0.171301,0.561318
212.889,0.171342,0.560312
213.663,0.171382,0.559274
214.439,0.171422,0.558203
215.219,0.171462,0.5571
216.001,0.171502,0.555964
216.786,0.171541,0.554797
217.574,0.17158,0.553599
218.365,0.171619,0.552369
219.159,0.171657,0.551108
219.955,0.171696,0.549816
220.755,0.171733,0.548493
221.557,0.171771,0.547139
222.362,0.171808,0.545756
223.17,0.171845,0.544342
223.982,0.171882,0.542899
224.796,0.171919,0.541426
225.613,0.171955,0.539924
226.433,0.171991,0.538393
227.256,0.172026,0.536833
228.082,0.172062,0.535245
228.911,0.172097,0.533629
229.743,0.172131,0.531984
230.578,0.172166,0.530313
231.416,0.1722,0.528614
232.257,0.172234,0.526888
233.101,0.172267,0.525135
233.948,0.172301,0.523356
234.799,0.172334,0.521551
235.652,0.172366,0.51972
236.509,0.172399,0.517864
237.368,0.172431,0.515982
238.231,0.172463,0.514076
239.097,0.172494,0.512145
239.966,0.172525,0.510191
240.838,0.172556,0.508212
241.714,0.172587,0.50621
242.592,0.172617,0.504185
243.474,0.172647,0.502136
244.359,0.172677,0.500066
245.247,0.172707,0.497973
246.138,0.172736,0.495859
247.033,0.172765,0.493723
247.931,0.172793,0.491566
248.832,0.172822,0.489389
249.736,0.17285,0.487191
250.644,0.172877,0.485847
251.555,0.172905,0.484855
252.469,0.172932,0.483858
253.387,0.172959,0.482856
254.308,0.172985,0.481848
255.232,0.173012,0.480836
256.16,0.173038,0.479819
257.091,0.173063,0.478797
258.026,0.173089,0.477771
258.963,0.173114,0.476739
259.905,0.173138,0.475703
260.849,0.173163,0.474662
261.797,0.173187,0.473616
262.749,0.173211,0.472566
263.704,0.173235,0.471512
264.662,0.173258,0.470452
265.624,0.173281,0.469389
266.59,0.173304,0.46832
267.559,0.173326,0.467248
268.531,0.173348,0.466171
269.507,0.17337,0.46509
270.487,0.173392,0.464004
271.47,0.173413,0.462914
272.457,0.173434,0.46182
273.447,0.173454,0.460722
274.441,0.173475,0.45962
275.438,0.173495,0.458514
276.44,0.173515,0.457404
277.444,0.173534,0.456289
278.453,0.173553,0.455171
279.465,0.173572,0.454049
280.481,0.173591,0.452923
281.5,0.173609,0.451793
282.523,0.173627,0.45066
283.55,0.173645,0.449522
284.581,0.173662,0.448382
285.615,0.173679,0.447237
286.653,0.173696,0.446089
287.695,0.173712,0.444937
288.741,0.173729,0.443782
289.79,0.173744,0.442623
290.843,0.17376,0.441461
291.901,0.173775,0.440295
292.962,0.17379,0.439126
294.026,0.173805,0.437954
295.095,0.173819,0.436779
296.168,0.173834,0.4356
297.244,0.173847,0.434418
298.324,0.173861,0.433233
299.409,0.173874,0.432045
300.497,0.173887,0.430854
301.589,0.1739,0.42966
302.685,0.173912,0.428463
303.786,0.173924,0.427263
304.89,0.173936,0.42606
305.998,0.173947,0.424855
307.11,0.173958,0.423646
308.226,0.173969,0.422435
309.347,0.17398,0.421221
310.471,0.17399,0.420005
311.599,0.174,0.418786
312.732,0.174009,0.417564
313.869,0.174019,0.41634
315.009,0.174028,0.415113
316.154,0.174037,0.413884
317.304,0.174045,0.412653
318.457,0.174053,0.411419
319.614,0.174061,0.410183
320.776,0.174069,0.408944
321.942,0.174076,0.407704
323.112,0.174083,0.406461
324.286,0.174089,0.405216
325.465,0.174096,0.403969
326.648,0.174102,0.40272
327.835,0.174108,0.401469
329.027,0.174113,0.400216
330.223,0.174118,0.398961
331.423,0.174123,0.397704
332.628,0.174128,0.396445
333.837,0.174132,0.395185
335.05,0.174136,0.393922
336.268,0.17414,0.392658
337.49,0.174143,0.391393
338.717,0.174146,0.390126
339.948,0.174149,0.388857
341.183,0.174151,0.387587
342.424,0.174153,0.386315
343.668,0.174155,0.385041
344.917,0.174157,0.383767
346.171,0.174158,0.382491
347.429,0.174159,0.381213
348.692,0.17416,0.379935
349.959,0.17416,0.378655
351.231,0.17416,0.377374
352.508,0.17416,0.376091
353.789,0.174159,0.374808
355.075,0.174159,0.373523
356.366,0.174157,0.372238
357.661,0.174156,0.370951
358.961,0.174154,0.369664
360.266,0.174152,0.368375
361.575,0.17415,0.367086
362.889,0.174147,0.365796
364.208,0.174144,0.364505
365.532,0.174141,0.363213
366.861,0.174138,0.361921
368.194,0.174134,0.360628
369.532,0.17413,0.359334
370.875,0.174125,0.35804
372.223,0.174121,0.356745
373.576,0.174116,0.35545
374.934,0.17411,0.354154
376.297,0.174105,0.352858
377.665,0.174099,0.351561
379.037,0.174093,0.350264
380.415,0.174086,0.348967
381.798,0.174079,0.347669
383.185,0.174072,0.346372
384.578,0.174065,0.345074
385.976,0.174057,0.343776
387.379,0.174049,0.342477
388.787,0.174041,0.341179
390.2,0.174032,0.33988
391.618,0.174023,0.338582
393.041,0.174014,0.337284
394.47,0.174005,0.335985
395.904,0.173995,0.334687
397.343,0.173985,0.333389
398.787,0.173974,0.332091
400.236,0.173964,0.330794
401.691,0.173953,0.329496
403.151,0.173941,0.328199
404.616,0.17393,0.326902
406.087,0.173918,0.325606
407.563,0.173906,0.32431
409.044,0.173893,0.323014
410.531,0.173881,0.321719
412.023,0.173868,0.320425
413.521,0.173854,0.319131
415.024,0.173841,0.317837
416.532,0.173827,0.316544
418.046,0.173812,0.315252
419.566,0.173798,0.313961
421.091,0.173783,0.31267
422.621,0.173768,0.31138
424.157,0.173752,0.31009
425.699,0.173737,0.308802
427.246,0.173721,0.307514
428.799,0.173704,0.306228
430.358,0.173688,0.304942
431.922,0.173671,0.303657
433.492,0.173654,0.302374
435.067,0.173636,0.301091
436.649,0.173618,0.299809
438.236,0.1736,0.298529
439.829,0.173582,0.297249
441.427,0.173563,0.295971
443.032,0.173544,0.294694
444.642,0.173525,0.293418
446.258,0.173505,0.292143
447.88,0.173486,0.29087
449.508,0.173465,0.289598
451.142,0.173445,0.288327
452.782,0.173424,0.287058
454.427,0.173403,0.28579
456.079,0.173382,0.284524
457.737,0.17336,0.283259
459.4,0.173338,0.281995
461.07,0.173316,0.280733
462.746,0.173293,0.279473
464.428,0.173271,0.278214
466.116,0.173248,0.276957
467.81,0.173224,0.275701
469.51,0.1732,0.274448
471.217,0.173177,0.273195
472.93,0.173152,0.271945
474.649,0.173128,0.270697
476.374,0.173103,0.26945
478.105,0.173078,0.268205
479.843,0.173052,0.266962
481.587,0.173026,0.26572
483.338,0.173,0.264481
485.094,0.172974,0.263244
486.857,0.172947,0.262008
488.627,0.172921,0.260775
490.403,0.172893,0.259543
492.185,0.172866,0.258314
493.974,0.172838,0.257087
495.77,0.17281,0.255861
497.572,0.172782,0.254638
499.38,0.172753,0.253417
501.195,0.172724,0.252578
503.017,0.172695,0.251935
504.845,0.172665,0.251293
506.68,0.172635,0.250652
508.522,0.172605,0.250011
510.37,0.172575,0.24937
512.225,0.172544,0.248729
514.087,0.172513,0.248089
515.955,0.172482,0.24745
517.831,0.17245,0.24681
519.713,0.172419,0.246172
521.602,0.172386,0.245533
523.498,0.172354,0.244895
525.4,0.172321,0.244258
527.31,0.172288,0.24362
529.227,0.172255,0.242984
531.15,0.172221,0.242347
533.081,0.172188,0.241712
535.018,0.172153,0.241076
536.963,0.172119,0.240441
538.915,0.172084,0.239807
540.873,0.172049,0.239173
542.839,0.172014,0.238539
544.812,0.171978,0.237906
546.793,0.171942,0.237273
548.78,0.171906,0.236641
550.775,0.17187,0.23601
552.777,0.171833,0.235378
554.786,0.171796,0.234748
556.802,0.171759,0.234118
558.826,0.171721,0.233488
560.857,0.171683,0.232859
562.896,0.171645,0.23223
564.942,0.171607,0.231602
566.995,0.171568,0.230975
569.056,0.171529,0.230348
571.124,0.17149,0.229721
573.2,0.17145,0.229095
575.283,0.17141,0.22847
577.374,0.17137,0.227845
579.473,0.17133,0.227221
581.579,0.171289,0.226597
583.693,0.171248,0.225974
585.814,0.171207,0.225351
587.944,0.171165,0.224729
590.081,0.171123,0.224108
592.225,0.171081,0.223487
594.378,0.171039,0.222867
596.538,0.170996,0.222247
598.706,0.170953,0.221628
600.883,0.17091,0.221009
603.067,0.170866,0.220392
605.258,0.170822,0.219774
607.458,0.170778,0.219158
609.666,0.170734,0.218542
611.882,0.170689,0.217926
614.106,0.170644,0.217312
616.338,0.170599,0.216698
618.578,0.170553,0.216084
620.827,0.170508,0.215471
623.083,0.170462,0.214859
625.348,0.170415,0.214248
627.621,0.170369,0.213637
629.902,0.170322,0.213027
632.192,0.170275,0.212417
634.489,0.170227,0.211808
636.796,0.170179,0.2112
639.11,0.170131,0.210593
641.433,0.170083,0.209986
643.764,0.170034,0.20938
646.104,0.169986,0.208774
648.453,0.169937,0.20817
650.81,0.169887,0.207566
653.175,0.169837,0.206962
655.549,0.169788,0.20636
657.932,0.169737,0.205758
660.323,0.169687,0.205157
662.723,0.169636,0.204556
665.132,0.169585,0.203956
667.549,0.169534,0.203357
669.976,0.169482,0.202759
672.411,0.16943,0.202162
674.855,0.169378,0.201565
677.308,0.169326,0.200969
679.77,0.169273,0.200373
682.24,0.16922,0.199779
684.72,0.169167,0.199185
687.209,0.169113,0.198592
689.707,0.16906,0.198
692.213,0.169006,0.197408
694.729,0.168951,0.196818
697.254,0.168897,0.196228
699.789,0.168842,0.195638
702.332,0.168787,0.19505
704.885,0.168731,0.194462
707.447,0.168676,0.193876
710.018,0.16862,0.193289
712.599,0.168564,0.192704
715.189,0.168507,0.19212
717.789,0.16845,0.191536
720.397,0.168393,0.190953
723.016,0.168336,0.190371
725.644,0.168278,0.18979
728.281,0.168221,0.18921
730.928,0.168163,0.18863
733.585,0.168104,0.188051
736.251,0.168046,0.187473
738.927,0.167987,0.186896
741.613,0.167928,0.18632
744.309,0.167868,0.185745
747.014,0.167809,0.18517
749.729,0.167749,0.184596
752.454,0.167688,0.184023
755.189,0.167628,0.183451
757.934,0.167567,0.18288
760.689,0.167506,0.18231
763.453,0.167445,0.18174
766.228,0.167383,0.181172
769.013,0.167322,0.180604
771.808,0.16726,0.180037
774.614,0.167197,0.179471
777.429,0.167135,0.178906
780.255,0.167072,0.178342
783.091,0.167009,0.177778
785.937,0.166945,0.177216
788.794,0.166882,0.176654
791.661,0.166818,0.176093
794.538,0.166754,0.175534
797.426,0.166689,0.174975
800.324,0.166625,0.174417
803.233,0.16656,0.173859
806.153,0.166495,0.173303
809.083,0.166429,0.172748
812.024,0.166364,0.172193
814.975,0.166298,0.17164
817.937,0.166231,0.171087
820.91,0.166165,0.170536
823.894,0.166098,0.169985
826.888,0.166031,0.169435
829.894,0.165964,0.168886
832.91,0.165897,0.168338
835.938,0.165829,0.167791
838.976,0.165761,0.167245
842.025,0.165693,0.1667
845.086,0.165624,0.166155
848.157,0.165555,0.165612
851.24,0.165486,0.16507
854.334,0.165417,0.164528
857.439,0.165348,0.163988
860.556,0.165278,0.163448
863.684,0.165208,0.16291
866.823,0.165138,0.162372
869.973,0.165067,0.161835
873.136,0.164996,0.1613
876.309,0.164925,0.160765
879.494,0.164854,0.160231
882.691,0.164782,0.159698
885.899,0.164711,0.159166
889.119,0.164639,0.158635
892.351,0.164566,0.158105
895.594,0.164494,0.157576
898.849,0.164421,0.157048
902.116,0.164348,0.156521
905.395,0.164275,0.155995
908.686,0.164201,0.15547
911.989,0.164128,0.154946
915.304,0.164054,0.154423
918.63,0.163979,0.153901
921.969,0.163905,0.15338
925.32,0.16383,0.15286
928.684,0.163755,0.152341
932.059,0.16368,0.151823
935.447,0.163604,0.151305
938.847,0.163529,0.150789
942.259,0.163453,0.150274
945.684,0.163376,0.14976
949.121,0.1633,0.149247
952.571,0.163223,0.148735
956.033,0.163146,0.148224
959.508,0.163069,0.147714
962.996,0.162992,0.147205
966.496,0.162914,0.146696
970.009,0.162836,0.146189
973.534,0.162758,0.145683
977.073,0.16268,0.145178
980.624,0.162601,0.144674
984.188,0.162522,0.144171
987.765,0.162443,0.143669
991.356,0.162364,0.143168
994.959,0.162284,0.142668
998.575,0.162205,0.142169
1002.2,0.162125,0.141812
1005.85,0.162044,0.141546
1009.5,0.161964,0.14128
1013.17,0.161883,0.141014
1016.86,0.161802,0.140748
1020.55,0.161721,0.140483
1024.26,0.161639,0.140217
1027.98,0.161558,0.139952
1031.72,0.161476,0.139687
1035.47,0.161394,0.139422
1039.23,0.161311,0.139157
1043.01,0.161229,0.138893
1046.8,0.161146,0.138628
1050.61,0.161063,0.138364
1054.42,0.160979,0.1381
1058.26,0.160896,0.137836
1062.1,0.160812,0.137572
1065.96,0.160728,0.137309
1069.84,0.160644,0.137046
1073.73,0.160559,0.136782
1077.63,0.160475,0.136519
1081.55,0.16039,0.136256
1085.48,0.160305,0.135994
1089.42,0.160219,0.135731
1093.38,0.160134,0.135469
1097.36,0.160048,0.135207
1101.34,0.159962,0.134945
1105.35,0.159876,0.134683
1109.37,0.159789,0.134422
1113.4,0.159702,0.13416
1117.44,0.159615,0.133899
1121.51,0.159528,0.133638
1125.58,0.159441,0.133377
1129.67,0.159353,0.133117
1133.78,0.159265,0.132856
1137.9,0.159177,0.132596
1142.04,0.159089,0.132336
1146.19,0.159001,0.132076
1150.35,0.158912,0.131816
1154.53,0.158823,0.131557
1158.73,0.158734,0.131298
1162.94,0.158644,0.131039
1167.17,0.158555,0.13078
1171.41,0.158465,0.130521
1175.67,0.158375,0.130262
1179.94,0.158285,0.130004
1184.23,0.158194,0.129746
1188.54,0.158103,0.129488
1192.86,0.158013,0.12923
1197.19,0.157921,0.128973
1201.54,0.15783,0.128716
1205.91,0.157738,0.128459
1210.29,0.157647,0.128202
1214.69,0.157555,0.127945
1219.11,0.157463,0.127689
1223.54,0.15737,0.127432
1227.98,0.157277,0.127176
1232.45,0.157185,0.12692
1236.93,0.157092,0.126665
1241.42,0.156998,0.126409
1245.94,0.156905,0.126154
1250.46,0.156811,0.125899
1255.01,0.156717,0.125644
1259.57,0.156623,0.12539
1264.15,0.156529,0.125135
1268.74,0.156434,0.124881
1273.35,0.15634,0.124627
1277.98,0.156245,0.124374
1282.63,0.156149,0.12412
1287.29,0.156054,0.123867
1291.97,0.155959,0.123614
1296.66,0.155863,0.123361
1301.38,0.155767,0.123108
1306.11,0.155671,0.122856
1310.85,0.155574,0.122604
1315.62,0.155478,0.122352
1320.4,0.155381,0.1221
1325.2,0.155284,0.121849
1330.02,0.155187,0.121597
1334.85,0.155089,0.121346
1339.7,0.154992,0.121096
1344.57,0.154894,0.120845
1349.46,0.154796,0.120595
1354.36,0.154698,0.120344
1359.29,0.154599,0.120095
1364.23,0.154501,0.119845
1369.19,0.154402,0.119595
1374.16,0.154303,0.119346
1379.16,0.154204,0.119097
1384.17,0.154104,0.118849
1389.2,0.154005,0.1186
1394.25,0.153905,0.118352
1399.32,0.153805,0.118104
1404.4,0.153705,0.117856
1409.51,0.153604,0.117608
1414.63,0.153504,0.117361
1419.77,0.153403,0.117114
1424.93,0.153302,0.116867
1430.11,0.153201,0.11662
1435.31,0.153099,0.116374
1440.53,0.152998,0.116128
1445.76,0.152896,0.115882
1451.02,0.152794,0.115636
1456.29,0.152692,0.115391
1461.59,0.15259,0.115146
1466.9,0.152487,0.114901
1472.23,0.152384,0.114656
1477.58,0.152282,0.114412
1482.95,0.152179,0.114168
1488.34,0.152075,0.113924
1493.75,0.151972,0.11368
1499.18,0.151868,0.113437
1504.63,0.151764,0.113194
1510.1,0.15166,0.112951
1515.59,0.151556,0.112708
1521.1,0.151452,0.112466
1526.62,0.151347,0.112223
1532.17,0.151242,0.111981
1537.74,0.151137,0.11174
1543.33,0.151032,0.111498
1548.94,0.150927,0.111257
1554.57,0.150822,0.111016
1560.22,0.150716,0.110776
1565.89,0.15061,0.110535
1571.58,0.150504,0.110295
1577.29,0.150398,0.110055
1583.03,0.150291,0.109816
1588.78,0.150185,0.109576
1594.56,0.150078,0.109337
1600.35,0.149971,0.109098
1606.17,0.149864,0.10886
1612.01,0.149757,0.108621
1617.87,0.149649,0.108383
1623.75,0.149542,0.108146
1629.65,0.149434,0.107908
1635.57,0.149326,0.107671
1641.52,0.149218,0.107434
1647.48,0.149109,0.107197
1653.47,0.149001,0.106961
1659.48,0.148892,0.106724
1665.51,0.148783,0.106488
1671.57,0.148674,0.106253
1677.64,0.148565,0.106017
1683.74,0.148456,0.105782
1689.86,0.148346,0.105547
1696,0.148236,0.105313
1702.16,0.148127,0.105078
1708.35,0.148017,0.104844
1714.56,0.147906,0.10461
1720.79,0.147796,0.104377
1727.05,0.147685,0.104144
1733.32,0.147575,0.103911
1739.62,0.147464,0.103678
1745.95,0.147353,0.103445
1752.29,0.147241,0.103213
1758.66,0.14713,0.102981
1765.05,0.147019,0.10275
1771.47,0.146907,0.102518
1777.91,0.146795,0.102287
1784.37,0.146683,0.102056
1790.86,0.146571,0.101826
1797.37,0.146458,0.101596
1803.9,0.146346,0.101366
1810.45,0.146233,0.101136
1817.03,0.14612,0.100907
1823.64,0.146007,0.100677
1830.27,0.145894,0.100449
1836.92,0.145781,0.10022
1843.6,0.145667,0.0999917
1850.3,0.145553,0.0997637
1857.02,0.14544,0.099536
1863.77,0.145326,0.0993085
1870.55,0.145212,0.0990814
1877.35,0.145097,0.0988545
1884.17,0.144983,0.0986279
1891.02,0.144868,0.0984015
1897.89,0.144753,0.0981755
1904.79,0.144639,0.0979497
1911.71,0.144524,0.0977243
1918.66,0.144408,0.0974991
1925.63,0.144293,0.0972742
1932.63,0.144177,0.0970496
1939.66,0.144062,0.0968252
1946.71,0.143946,0.0966012
1953.78,0.14383,0.0963774
1960.88,0.143714,0.096154
1968.01,0.143598,0.0959308
1975.16,0.143481,0.0957079
1982.34,0.143365,0.0954853
1989.55,0.143248,0.095263
1996.78,0.143131,0.0950409
2004.04,0.143014,0.0948192
2011.32,0.142897,0.0945978
2018.63,0.14278,0.0943766
2025.97,0.142662,0.0941557
2033.33,0.142545,0.0939352
2040.72,0.142427,0.0937149
2048.14,0.142309,0.0934949
2055.58,0.142191,0.0932752
2063.06,0.142073,0.0930558
2070.55,0.141954,0.0928367
2078.08,0.141836,0.0926179
2085.63,0.141717,0.0923994
2093.21,0.141599,0.0921811
2100.82,0.14148,0.0919632
2108.46,0.141361,0.0917456
2116.12,0.141242,0.0915282
2123.81,0.141122,0.0913112
2131.53,0.141003,0.0910944
2139.28,0.140883,0.090878
2147.06,0.140764,0.0906618
2154.86,0.140644,0.0904459
2162.69,0.140524,0.0902304
2170.55,0.140404,0.0900151
2178.44,0.140283,0.0898001
2186.36,0.140163,0.0895855
2194.31,0.140043,0.0893711
2202.28,0.139922,0.089157
2210.29,0.139801,0.0889432
2218.32,0.13968,0.0887298
2226.38,0.139559,0.0885166
2234.47,0.139438,0.0883037
2242.6,0.139317,0.0880912
2250.75,0.139195,0.0878789
2258.93,0.139074,0.0876669
2267.14,0.138952,0.0874552
2275.38,0.13883,0.0872439
2283.65,0.138708,0.0870328
2291.95,0.138586,0.086822
2300.28,0.138464,0.0866116
2308.64,0.138342,0.0864014
2317.03,0.138219,0.0861916
2325.45,0.138097,0.085982
2333.91,0.137974,0.0857728
2342.39,0.137851,0.0855638
2350.9,0.137728,0.0853552
2359.45,0.137605,0.0851469
2368.02,0.137482,0.0849388
2376.63,0.137358,0.0847311
2385.27,0.137235,0.0845237
2393.94,0.137111,0.0843166
2402.64,0.136988,0.0841098
2411.37,0.136864,0.0839033
2420.14,0.13674,0.0836971
2428.93,0.136616,0.0834912
2437.76,0.136492,0.0832856
2446.62,0.136368,0.0830803
2455.51,0.136243,0.0828753
2464.44,0.136119,0.0826707
2473.4,0.135994,0.0824663
2482.39,0.135869,0.0822623
2491.41,0.135744,0.0820585
2500.46,0.135619,0.0818587
2509.55,0.135494,0.0817267
2518.67,0.135369,0.0815947
2527.83,0.135244,0.0814628
2537.02,0.135118,0.0813309
2546.24,0.134993,0.0811991
2555.49,0.134867,0.0810673
2564.78,0.134741,0.0809357
2574.1,0.134615,0.080804
2583.46,0.13449,0.0806725
2592.85,0.134363,0.080541
2602.27,0.134237,0.0804096
2611.73,0.134111,0.0802783
2621.22,0.133984,0.080147
2630.75,0.133858,0.0800158
2640.31,0.133731,0.0798847
2649.91,0.133605,0.0797536
2659.54,0.133478,0.0796226
2669.21,0.133351,0.0794917
2678.91,0.133224,0.0793608
2688.65,0.133097,0.07923
2698.42,0.132969,0.0790993
2708.23,0.132842,0.0789686
2718.07,0.132714,0.0788381
2727.95,0.132587,0.0787076
2737.86,0.132459,0.0785771
2747.82,0.132331,0.0784468
2757.8,0.132204,0.0783165
2767.83,0.132076,0.0781863
2777.89,0.131948,0.0780561
2787.98,0.131819,0.0779261
2798.12,0.131691,0.0777961
2808.29,0.131563,0.0776662
2818.49,0.131434,0.0775363
2828.74,0.131306,0.0774066
2839.02,0.131177,0.0772769
2849.34,0.131048,0.0771473
2859.69,0.130919,0.0770177
2870.09,0.13079,0.0768883
2880.52,0.130661,0.0767589
2890.99,0.130532,0.0766296
2901.5,0.130403,0.0765003
2912.04,0.130274,0.0763712
2922.63,0.130144,0.0762421
2933.25,0.130015,0.0761131
2943.91,0.129885,0.0759842
2954.61,0.129756,0.0758554
2965.35,0.129626,0.0757266
2976.13,0.129496,0.075598
2986.95,0.129366,0.0754694
2997.8,0.129236,0.0753408
3008.7,0.129106,0.0752124
3019.64,0.128976,0.0750841
3030.61,0.128845,0.0749558
3041.63,0.128715,0.0748276
3052.68,0.128584,0.0746995
3063.78,0.128454,0.0745715
3074.91,0.128323,0.0744436
3086.09,0.128193,0.0743157
3097.31,0.128062,0.0741879
3108.56,0.127931,0.0740603
3119.86,0.1278,0.0739327
3131.2,0.127669,0.0738051
3142.58,0.127538,0.0736777
3154,0.127407,0.0735504
3165.47,0.127275,0.0734231
3176.97,0.127144,0.0732959
3188.52,0.127012,0.0731688
3200.11,0.126881,0.0730418
3211.74,0.126749,0.0729149
3223.41,0.126618,0.0727881
3235.13,0.126486,0.0726614
3246.89,0.126354,0.0725347
3258.69,0.126222,0.0724082
3270.53,0.12609,0.0722817
3282.42,0.125958,0.0721553
3294.35,0.125826,0.072029
3306.33,0.125694,0.0719028
3318.34,0.125561,0.0717767
3330.4,0.125429,0.0716507
3342.51,0.125297,0.0715247
3354.66,0.125164,0.0713989
3366.85,0.125031,0.0712731
3379.09,0.124899,0.0711475
3391.37,0.124766,0.0710219
3403.7,0.124633,0.0708964
3416.07,0.1245,0.0707711
3428.49,0.124368,0.0706458
3440.95,0.124235,0.0705206
3453.45,0.124102,0.0703955
3466.01,0.123968,0.0702704
3478.6,0.123835,0.0701455
3491.25,0.123702,0.0700207
3503.94,0.123569,0.069896
3516.67,0.123435,0.0697713
3529.45,0.123302,0.0696468
3542.28,0.123168,0.0695224
3555.16,0.123035,0.069398
3568.08,0.122901,0.0692737
3581.05,0.122767,0.0691496
3594.06,0.122634,0.0690255
3607.13,0.1225,0.0689016
3620.24,0.122366,0.0687777
3633.4,0.122232,0.0686539
3646.6,0.122098,0.0685303
3659.86,0.121964,0.0684067
3673.16,0.12183,0.0682832
3686.51,0.121696,0.0681598
3699.91,0.121561,0.0680365
3713.36,0.121427,0.0679134
3726.85,0.121293,0.0677903
3740.4,0.121158,0.0676673
3753.99,0.121024,0.0675444
3767.64,0.120889,0.0674216
3781.33,0.120755,0.0672989
3795.08,0.12062,0.0671764
3808.87,0.120485,0.0670539
3822.71,0.120351,0.0669315
3836.61,0.120216,0.0668092
3850.55,0.120081,0.066687
3864.55,0.119946,0.066565
3878.59,0.119811,0.066443
3892.69,0.119676,0.0663211
3906.84,0.119541,0.0661993
3921.04,0.119406,0.0660777
3935.29,0.119271,0.0659561
3949.6,0.119136,0.0658347
3963.95,0.119,0.0657133
3978.36,0.118865,0.065592
3992.82,0.11873,0.0654709
4007.33,0.118595,0.0653498
4021.9,0.118459,0.0652289
4036.52,0.118324,0.0651081
4051.19,0.118188,0.0649873
4065.91,0.118053,0.0648667
4080.69,0.117917,0.0647462
4095.52,0.117781,0.0646258
4110.41,0.117646,0.0645055
4125.35,0.11751,0.0643853
4140.34,0.117374,0.0642652
4155.39,0.117238,0.0641452
4170.49,0.117102,0.0640253
4185.65,0.116967,0.0639055
4200.87,0.116831,0.0637859
4216.13,0.116695,0.0636663
4231.46,0.116559,0.0635469
4246.84,0.116423,0.0634275
4262.27,0.116287,0.0633083
4277.77,0.11615,0.0631892
4293.31,0.116014,0.0630702
4308.92,0.115878,0.0629512
4324.58,0.115742,0.0628325
4340.3,0.115606,0.0627138
4356.07,0.115469,0.0625952
4371.91,0.115333,0.0624767
4387.8,0.115197,0.0623584
4403.75,0.11506,0.0622401
4419.75,0.114924,0.062122
4435.82,0.114787,0.062004
4451.94,0.114651,0.061886
4468.12,0.114514,0.0617682
4484.36,0.114378,0.0616505
4500.66,0.114241,0.061533
4517.02,0.114105,0.0614155
4533.44,0.113968,0.0612981
4549.91,0.113831,0.0611809
4566.45,0.113695,0.0610638
4583.05,0.113558,0.0609468
4599.71,0.113421,0.0608299
4616.42,0.113284,0.0607131
4633.2,0.113147,0.0605964
4650.04,0.113011,0.0604798
4666.94,0.112874,0.0603634
4683.91,0.112737,0.060247
4700.93,0.1126,0.0601308
4718.02,0.112463,0.0600147
4735.17,0.112326,0.0598987
4752.38,0.112189,0.0597829
4769.65,0.112052,0.0596671
4786.99,0.111915,0.0595514
4804.39,0.111778,0.0594359
4821.85,0.111641,0.0593205
4839.37,0.111504,0.0592052
4856.96,0.111367,0.05909
4874.62,0.11123,0.058975
4892.33,0.111093,0.05886
4910.12,0.110955,0.0587452
4927.96,0.110818,0.0586305
4945.87,0.110681,0.0585159
4963.85,0.110544,0.0584014
4981.89,0.110407,0.058287
5000,0.110269,0.0581728
